,Treatment,imagingType,imageFileName,zone,CV,Iso,Contrast,Correlation,Energy,Homogeneity,Entropy,Std,Mean,Range
1,Control,Dsg3,40X Dsg3 C - 01.tif,zone 1,NA,NA,0.901026150392817,0.638960629584039,0.105912390664261,0.704664035253934,3.99145350911487,0.137605968587688,0.332182395488008,0.970164110643417
2,Control,Dsg3,40X Dsg3 C - 01.tif,zone 2,NA,NA,1.10367996122845,0.53653378206956,0.0981119845429402,0.67703555609,3.66118729157475,0.132467178329623,0.332301540564454,0.974602567802568
3,Control,Dsg3,40X Dsg3 C - 01.tif,zone 3,NA,NA,0.971272064075095,0.633406182350614,0.093399440683899,0.69486016886032,3.94744969356977,0.140976160127892,0.338455952705891,0.972577691006723
4,Control,Dsg3,40X Dsg3 C - 01.tif,zone 4,NA,NA,0.974033231302928,0.616048179296546,0.101612953974887,0.696136658601406,3.83432533338704,0.13730043707086,0.313531066038687,0.980325468794981
5,Control,Dsg3,40X Dsg3 C - 02.tif,zone 1,NA,NA,0.943139781654933,0.617141101537801,0.100911609621067,0.699448747746829,3.93166827457103,0.136120034653112,0.332704560227809,0.967519138893408
6,Control,Dsg3,40X Dsg3 C - 02.tif,zone 2,NA,NA,1.0965214876033,0.545751595982169,0.0898017305132623,0.675920486539274,3.80727775711557,0.13235342678602,0.357941393686298,0.963966990753069
7,Control,Dsg3,40X Dsg3 C - 02.tif,zone 3,NA,NA,1.03497943067034,0.580323647773142,0.0989960140287539,0.686203695516978,3.78024874022164,0.13368200026187,0.327172768806373,0.973111184919136
8,Control,Dsg3,40X Dsg3 C - 02.tif,zone 4,NA,NA,0.986383379247016,0.612584122202897,0.0917154779688185,0.690627440397238,3.97409324751247,0.136118609306928,0.350759731196534,0.969736604663737
9,Control,Dsg3,40X Dsg3 C - 03.tif,zone 1,NA,NA,1.14747583920008,0.522127427103155,0.0996218255631887,0.676302118661361,3.68642638826336,0.132696568524699,0.344587034042631,0.970884195566047
10,Control,Dsg3,40X Dsg3 C - 03.tif,zone 2,NA,NA,0.975770105091317,0.626068787800724,0.0978372160883689,0.694792485630718,3.89720228112871,0.141165261602972,0.330365943943948,0.973999458523978
11,Control,Dsg3,40X Dsg3 C - 03.tif,zone 3,NA,NA,0.993712937455362,0.583378346190353,0.104423209694864,0.691371816481311,3.80793099289046,0.135071661855116,0.333816782788255,0.974244290030178
12,Control,Dsg3,40X Dsg3 C - 03.tif,zone 4,NA,NA,1.0989702275278,0.561253922067391,0.098090700706096,0.680771064177125,3.66456283899953,0.134164860384961,0.312654253547693,0.986809952779073
13,Control,Dsg3,40X Dsg3 C - 04.tif,zone 1,NA,NA,0.989418202224263,0.60839680245478,0.100171970838209,0.695793566387784,3.94775057773343,0.137778645207145,0.337295797781362,0.968173885071261
14,Control,Dsg3,40X Dsg3 C - 04.tif,zone 2,NA,NA,1.00011966125906,0.584499025867532,0.101620579559731,0.692084551624956,3.81370382460231,0.132038160449737,0.323033642316655,0.979339888563591
15,Control,Dsg3,40X Dsg3 C - 04.tif,zone 3,NA,NA,1.01606588103255,0.57585136517144,0.108830197707645,0.691008128276512,3.69359267556677,0.132534612802733,0.31211020639023,0.978674121654142
16,Control,Dsg3,40X Dsg3 C - 04.tif,zone 4,NA,NA,1.11334222018162,0.543551012768704,0.0990321058023445,0.678990835458967,3.66340783245544,0.133004609778075,0.324294937329453,0.973907385402122
17,Control,Dsg3,40X Dsg3 C - 05.tif,zone 1,NA,NA,1.12392805836139,0.534170294615466,0.103493232955319,0.67694604785226,3.522232946238,0.132305463660607,0.298171019891603,0.993565631469979
18,Control,Dsg3,40X Dsg3 C - 05.tif,zone 2,NA,NA,1.2109053157841,0.541555701656346,0.0880270491290402,0.668118976294936,3.55607685525834,0.139849135314686,0.312398668822643,0.984498704089251
19,Control,Dsg3,40X Dsg3 C - 05.tif,zone 3,NA,NA,1.28627946127946,0.458942187892533,0.0928566072956465,0.657160825110169,3.32145755404393,0.12782021554844,0.291305291487769,0.998620689655172
20,Control,Dsg3,40X Dsg3 C - 05.tif,zone 4,NA,NA,1.34026121824304,0.441737064254859,0.0893259427567266,0.652186486753052,3.35482008813534,0.131591634357729,0.317337496952359,0.992521685002503
21,Control,E-cad,40X E-cad C - 01.tif,zone 1,NA,NA,0.361735608611366,0.826286755095356,0.198604595272195,0.836238747746829,4.96446406878826,0.12462418744766,0.267779318943238,0.950119184769277
22,Control,E-cad,40X E-cad C - 01.tif,zone 2,NA,NA,0.380674584226099,0.828745041849699,0.207762540987657,0.830786947760433,4.87974187863584,0.129076905835623,0.267477480015954,0.952875336458656
23,Control,E-cad,40X E-cad C - 01.tif,zone 3,NA,NA,0.371884756657484,0.824639680407629,0.190244227460845,0.830648183008537,5.03035006846715,0.126960976784574,0.263638545860842,0.955308029070728
24,Control,E-cad,40X E-cad C - 01.tif,zone 4,NA,NA,0.429002673196613,0.777244028253031,0.190770976696822,0.811209663299663,4.48855885554,0.119688151886088,0.284219161863686,0.94693015599243
25,Control,E-cad,40X E-cad C - 02.tif,zone 1,NA,NA,0.359675502499745,0.844960944283723,0.183614858155152,0.837823005305581,5.36602818925543,0.130389509280904,0.272197125365255,0.943527165263952
26,Control,E-cad,40X E-cad C - 02.tif,zone 2,NA,NA,0.375144413835323,0.826945025930349,0.183693542900142,0.830164235622215,5.23208945968452,0.12826261569011,0.299628128256185,0.927629249363819
27,Control,E-cad,40X E-cad C - 02.tif,zone 3,NA,NA,0.329700255076013,0.850281069770936,0.229984761164889,0.850254004353297,5.24586750673947,0.127871906977061,0.250701500657024,0.947992886681597
28,Control,E-cad,40X E-cad C - 02.tif,zone 4,NA,NA,0.336321416182022,0.847897450959305,0.19459644445562,0.846506862054892,5.49565006910353,0.129398264229384,0.272581555003909,0.940268736619907
29,Control,E-cad,40X E-cad C - 03.tif,zone 1,NA,NA,0.376050178553209,0.814881660340398,0.186897833993528,0.830970849063021,5.07744030120463,0.122107713468385,0.282246466275799,0.939227790443037
30,Control,E-cad,40X E-cad C - 03.tif,zone 2,NA,NA,0.330226487093154,0.856343787916973,0.208803911845548,0.849528058361392,5.25252844177404,0.132564623389627,0.250947545616068,0.948108612721024
31,Control,E-cad,40X E-cad C - 03.tif,zone 3,NA,NA,0.322384144475054,0.85009090499162,0.219273525039142,0.85237256419413,5.36459075427253,0.128004959694658,0.256184948951844,0.953255081286687
32,Control,E-cad,40X E-cad C - 03.tif,zone 4,NA,NA,0.324927517600245,0.834319679072891,0.222049889203886,0.851447205727307,5.15575790928705,0.120971166106286,0.242363594207307,0.949227645858432
33,Control,E-cad,40X E-cad C - 04.tif,zone 1,NA,NA,0.309970207121722,0.863292030130419,0.214928851143765,0.85779771791994,5.47928055052089,0.129842251392929,0.255579439883021,0.948511662736545
34,Control,E-cad,40X E-cad C - 04.tif,zone 2,NA,NA,0.368947342107948,0.820283291176565,0.200993153250022,0.831574178315138,4.89982885622804,0.124283468675762,0.28161491556218,0.933085411831223
35,Control,E-cad,40X E-cad C - 04.tif,zone 3,NA,NA,0.347807825732068,0.835806857067551,0.198270728810257,0.840445090296908,5.23975456402307,0.126140680355706,0.281518526691354,0.9390623844105
36,Control,E-cad,40X E-cad C - 04.tif,zone 4,NA,NA,0.318026650341802,0.84536752148856,0.237018572944463,0.854368603203755,5.16784032393955,0.125255186972102,0.247569962137405,0.959116292959903
37,Control,E-cad,40X E-cad C - 05.tif,zone 1,NA,NA,0.343635169880624,0.840299940729227,0.217229883202799,0.844210504030201,5.11079083596685,0.125912020832648,0.257010079634654,0.949824594946884
38,Control,E-cad,40X E-cad C - 05.tif,zone 2,NA,NA,0.3543177328844,0.848631254740098,0.191727610079887,0.84111709825528,5.20792678108761,0.131192945782301,0.261538013061879,0.952999349787616
39,Control,E-cad,40X E-cad C - 05.tif,zone 3,NA,NA,0.342901142740537,0.830704312357377,0.22765184570484,0.845480737509778,5.00730608986097,0.121846328783562,0.245667755895294,0.943562851602579
40,Control,E-cad,40X E-cad C - 05.tif,zone 4,NA,NA,0.351456637077849,0.82663468573549,0.206906901874186,0.839824505832738,5.1193876306885,0.122607275138003,0.269809593918524,0.939316913531544
41,Control,F-actin,40X F-actin C - 01.tif,zone 1,0.185708334357979,8.64,0.307207917559433,0.873594969697915,0.180409622834655,0.858983595381424,4.91229646920007,0.137545475924824,0.278880895351325,0.9571234465426
42,Control,F-actin,40X F-actin C - 01.tif,zone 2,0.190028750239042,6.64,0.288064330170391,0.880854998963625,0.201623494063488,0.867296991803557,4.67471410156409,0.134363973922549,0.251571395626612,0.969325603764674
43,Control,F-actin,40X F-actin C - 01.tif,zone 3,0.173024451005308,10.52,0.341453147637996,0.83801227343424,0.178677850905486,0.844126966636057,4.89767206289685,0.126480852748926,0.311640744331796,0.950026765231684
44,Control,F-actin,40X F-actin C - 01.tif,zone 4,0.205341908681709,6.08,0.288501877359453,0.882252066349805,0.217182217750119,0.869039837941707,4.6013954030014,0.134785208155695,0.233212202729698,0.980175340141333
45,Control,F-actin,40X F-actin C - 02.tif,zone 1,0.183518517560604,7.48,0.272638649117437,0.868158639242392,0.215520803360364,0.875751909839132,5.02254017613189,0.122801412422511,0.22828476303897,0.970062304725259
46,Control,F-actin,40X F-actin C - 02.tif,zone 2,0.18575781674617,6.2,0.292599520457096,0.873482913249787,0.205819411979689,0.866782987790362,4.91738102420328,0.132584397406454,0.258169204798716,0.953992815148067
47,Control,F-actin,40X F-actin C - 02.tif,zone 3,0.172588094781898,6.4,0.300518998061422,0.872958368578846,0.182865101278008,0.862880905859946,5.19298188546137,0.131395071732088,0.276909906839023,0.947780670125088
48,Control,F-actin,40X F-actin C - 02.tif,zone 4,0.193348379506303,8.08,0.300425772880318,0.870676203291614,0.194336721042684,0.863678174506003,5.11231110885712,0.131515430316622,0.276688405725378,0.946102862405169
49,Control,F-actin,40X F-actin C - 03.tif,zone 1,0.225330889951726,7.6,0.281811611060096,0.87892928127525,0.195025289013792,0.870700809441214,5.16401280425517,0.132484970720806,0.261570738436014,0.955951942896977
50,Control,F-actin,40X F-actin C - 03.tif,zone 2,0.18620085953406,8.04,0.334718630751964,0.857915924223408,0.169063493870436,0.84893800003401,5.0764776241694,0.134299029693404,0.305204043235801,0.949774682861879
51,Control,F-actin,40X F-actin C - 03.tif,zone 3,0.222612302676898,6.12,0.287326670747883,0.893821848782179,0.176029004914667,0.868480317144509,5.45134989011152,0.142151506933687,0.273703905477967,0.956632275475503
52,Control,F-actin,40X F-actin C - 03.tif,zone 4,0.217293698508231,6.56,0.313224915824916,0.890530872669548,0.154988064453125,0.856164326429276,5.22391717081104,0.14796407421664,0.306095439063498,0.949782030097904
53,Control,F-actin,40X F-actin C - 04.tif,zone 1,0.204151473926012,7.4,0.296708703193552,0.879328331140345,0.178531325293554,0.863976644049927,5.131404048978,0.135612819204784,0.281473253467879,0.949908262222489
54,Control,F-actin,40X F-actin C - 04.tif,zone 2,0.179700847459174,7.8,0.332720701969187,0.862653856189957,0.157532123293657,0.848726084583206,5.31914904914179,0.135250541492141,0.315167247784453,0.95048991104352
55,Control,F-actin,40X F-actin C - 04.tif,zone 3,0.216839277600655,5.92,0.309813896541169,0.890033925449491,0.154316255291899,0.858232080910111,5.25613206331124,0.146636909682504,0.312278418534044,0.948414198916104
56,Control,F-actin,40X F-actin C - 04.tif,zone 4,0.197393213475544,6.64,0.315115304560759,0.8913891141615,0.153538416796099,0.856007084821277,5.28467736876983,0.149308801635139,0.31416776443085,0.951697041990366
57,Control,F-actin,40X F-actin C - 05.tif,zone 1,0.1452897881952,8.44,0.308441628405265,0.848999412245435,0.202351061192181,0.857748686868687,4.51604080710456,0.12235435081427,0.267412684527258,0.952990868356813
58,Control,F-actin,40X F-actin C - 05.tif,zone 2,0.162201444488177,8.28,0.330377441077441,0.848093307895887,0.187423575707648,0.849667033465973,4.87144599441809,0.12974903666731,0.282887052447349,0.945389318643685
59,Control,F-actin,40X F-actin C - 05.tif,zone 3,0.181782634961967,8.4,0.327068176716662,0.857226032972303,0.177438401288883,0.849441386083053,4.94663205592985,0.130624858422259,0.298811878170888,0.939887133137477
60,Control,F-actin,40X F-actin C - 05.tif,zone 4,0.149818101914163,6.88,0.317368309356188,0.852878897426366,0.206772060319889,0.857010946332007,4.96471011990833,0.128534732660263,0.271289540850347,0.950374766717408
61,Control,IF,40X IF C - 01.tif,zone 1,0.168480509778029,6.2,0.305025089276604,0.904257433575492,0.165025080966316,0.858723727170697,6.10714392518101,0.15675746628092,0.329757090638279,0.933561444660876
62,Control,IF,40X IF C - 01.tif,zone 2,0.182544164394395,7.76,0.285405693296602,0.876513720431469,0.212133603139826,0.867560985443662,5.9102719567406,0.131548657282033,0.301482862808673,0.936906432402206
63,Control,IF,40X IF C - 01.tif,zone 3,0.180955314644365,5.96,0.320877206407509,0.897587121224457,0.158436419192299,0.855159941162467,6.25215409224992,0.160226366967662,0.357985925581573,0.928159536598027
64,Control,IF,40X IF C - 01.tif,zone 4,0.206298939370536,6.64,0.297410060197939,0.901035548674177,0.173929737322576,0.862072768935143,6.13735746652805,0.152522701841402,0.322280676255629,0.94743616886734
65,Control,IF,40X IF C - 02.tif,zone 1,0.171691267252457,6.32,0.297335802469136,0.90197643781599,0.163029086147334,0.861837636125565,6.07272899942574,0.152941046808003,0.319608732614831,0.945629590584187
66,Control,IF,40X IF C - 02.tif,zone 2,0.155581328833526,7.6,0.348704397510458,0.883367573463362,0.145876179026368,0.840883275176002,6.18317913048798,0.151073996022751,0.361244871033911,0.93120996637756
67,Control,IF,40X IF C - 02.tif,zone 3,0.140902452051962,6.96,0.364341771247832,0.86708958667042,0.144487067640516,0.834282579668741,6.01092733813753,0.145052123382932,0.352418448909898,0.941853780535021
68,Control,IF,40X IF C - 02.tif,zone 4,0.119876783019216,6.24,0.367076247321702,0.882078122353204,0.144315900488365,0.834867155902459,6.25945919623268,0.156757213003455,0.380240499870099,0.92906244638816
69,Control,IF,40X IF C - 03.tif,zone 1,0.129932565422432,6.48,0.377785338230793,0.890828792403143,0.149749152325034,0.83879969888884,6.28322785745727,0.171418771307559,0.351353933170909,0.951640985817485
70,Control,IF,40X IF C - 03.tif,zone 2,0.103460002716508,4.96,0.332744444444445,0.891277559510112,0.165220834519258,0.852422288371935,6.0473218591127,0.1571587770865,0.30289148982145,0.961309708995464
71,Control,IF,40X IF C - 03.tif,zone 3,0.139087799855678,6.32,0.377118222630344,0.899620612834623,0.140653407399329,0.83921361394124,6.36167969536892,0.17049424953117,0.349078658875184,0.955153788596881
72,Control,IF,40X IF C - 03.tif,zone 4,0.108372550019184,5.72,0.365964126109581,0.895405994805852,0.157467711598443,0.842724935380743,6.18541122856282,0.172758832880868,0.348666186778871,0.953320434879599
73,Control,IF,40X IF C - 04.tif,zone 1,0.166385418747979,7.24,0.328005274971942,0.897287880813544,0.151996440943457,0.852213362411999,6.24159597705653,0.162668212583457,0.329273904745743,0.968596937455789
74,Control,IF,40X IF C - 04.tif,zone 2,0.160930455825175,6.68,0.342497143148658,0.899930114011054,0.149908379826609,0.845982601265177,6.30210207525561,0.164703825830775,0.349819491275787,0.957163733705716
75,Control,IF,40X IF C - 04.tif,zone 3,0.119659748459949,6.68,0.347691021324355,0.884876040915496,0.144434232584586,0.84172198245077,6.21362415869693,0.154814037370505,0.365575904325771,0.947290074387466
76,Control,IF,40X IF C - 04.tif,zone 4,0.145254277273274,6.24,0.346020099989797,0.88764468652736,0.14360083168049,0.843540097779138,6.23331750810308,0.158834781295137,0.370643735694077,0.945270601837926
77,Control,IF,40X IF C - 05.tif,zone 1,0.190458316993008,7.96,0.320581124375064,0.885463121643001,0.174755081534989,0.854335661327076,5.91548263613915,0.148950029019763,0.301123118840585,0.95549534519898
78,Control,IF,40X IF C - 05.tif,zone 2,0.196263580687457,7.72,0.309398408325681,0.894256671405895,0.173679636321808,0.859690237050641,6.04822438012722,0.150492059852878,0.295627058815833,0.956019791633688
79,Control,IF,40X IF C - 05.tif,zone 3,0.158540381854496,6.68,0.325947954290378,0.883298746441717,0.163642128573582,0.852564234942013,6.13834126557766,0.147163971079675,0.307451066501464,0.957693792913065
80,Control,IF,40X IF C - 05.tif,zone 4,0.176483084284251,6.44,0.316008856239159,0.893476381083245,0.169424245062042,0.855638707444819,6.01774982940236,0.151334823086127,0.305730863196791,0.953152524778398
81,CS,Dsg3,40X Dsg3 CS - 01.tif,zone 1,NA,NA,0.931975165799408,0.598198429299118,0.106980267472363,0.69949339902148,3.81333535725077,0.130872480788937,0.308154508354337,0.975220719090074
82,CS,Dsg3,40X Dsg3 CS - 01.tif,zone 2,NA,NA,0.979676461585552,0.610073367093869,0.110620759468171,0.701585326157195,3.89123315032966,0.136586496925209,0.318770020398442,0.978341795155467
83,CS,Dsg3,40X Dsg3 CS - 01.tif,zone 3,NA,NA,1.09280461177431,0.522200669773062,0.105412106982882,0.680593066693875,3.53525804193518,0.130917613577755,0.297768659395261,0.984208208883187
84,CS,Dsg3,40X Dsg3 CS - 01.tif,zone 4,NA,NA,0.867157167635955,0.650578305463767,0.116793581932612,0.710387279019148,3.87016516434792,0.136548536051706,0.296864878896813,0.981019915691142
85,CS,Dsg3,40X Dsg3 CS - 02.tif,zone 1,NA,NA,0.888827201305989,0.647919659074676,0.0991289132025856,0.703364681154984,4.05182268743965,0.137620032639591,0.342683170170428,0.962933030147675
86,CS,Dsg3,40X Dsg3 CS - 02.tif,zone 2,NA,NA,0.895291786552392,0.625054653888716,0.109469914081816,0.705761929249202,3.94069419722628,0.133559629144325,0.31907424478672,0.961153368887852
87,CS,Dsg3,40X Dsg3 CS - 02.tif,zone 3,NA,NA,0.938370911131517,0.609807208804108,0.108674358789675,0.702785548243377,3.88545569829629,0.132585603952132,0.313952679823566,0.972717049332913
88,CS,Dsg3,40X Dsg3 CS - 02.tif,zone 4,NA,NA,0.951648525660647,0.600324513118596,0.100574624471712,0.695867085331429,3.93204872953443,0.13323023217945,0.340424600139718,0.964842798055376
89,CS,Dsg3,40X Dsg3 CS - 03.tif,zone 1,NA,NA,0.84388668503214,0.68486660156964,0.10206862337049,0.713053407475428,4.10703910905485,0.142095350169305,0.323827488653949,0.97575424867485
90,CS,Dsg3,40X Dsg3 CS - 03.tif,zone 2,NA,NA,0.865596020814202,0.653078943888726,0.105527530345405,0.710419049246676,4.08143232891043,0.138873410878801,0.336041824476714,0.963111626754276
91,CS,Dsg3,40X Dsg3 CS - 03.tif,zone 3,NA,NA,0.949046025915723,0.596944494390528,0.105327605777173,0.69956913704141,3.87819356601203,0.131783327596033,0.325425984689838,0.965192623673138
92,CS,Dsg3,40X Dsg3 CS - 03.tif,zone 4,NA,NA,0.907092990511172,0.556516080274486,0.116113611209857,0.7059110777083,3.8879199939144,0.123805761949151,0.330366911949335,0.958771190639326
93,CS,Dsg3,40X Dsg3 CS - 04.tif,zone 1,NA,NA,0.805609131721253,0.714091884244178,0.101822365581416,0.719377961092405,4.26747800347883,0.147475665935375,0.339814706808491,0.964843565390185
94,CS,Dsg3,40X Dsg3 CS - 04.tif,zone 2,NA,NA,0.81216332006938,0.675897466708663,0.113088926357585,0.719197344148556,4.1033139258553,0.138396878478297,0.316875442802144,0.97226695131068
95,CS,Dsg3,40X Dsg3 CS - 04.tif,zone 3,NA,NA,0.904661146821753,0.620434165364201,0.112673753764733,0.704120294017617,3.90718629766155,0.133148482278256,0.332152372886016,0.960809381533935
96,CS,Dsg3,40X Dsg3 CS - 04.tif,zone 4,NA,NA,0.933544383226202,0.664031495502311,0.0963840586939092,0.700951647256597,4.05772651575978,0.144187349150575,0.334936455032825,0.976630294824791
97,CS,Dsg3,40X Dsg3 CS - 05.tif,zone 1,NA,NA,0.820210917253341,0.687417567730866,0.113787100565429,0.716509713974764,3.9899674784555,0.13914799226417,0.293059553124985,0.980563175442469
98,CS,Dsg3,40X Dsg3 CS - 05.tif,zone 2,NA,NA,0.856373614937251,0.63161988592461,0.111700715277357,0.712401475529708,3.93040863936401,0.130250931017677,0.301601281080557,0.975819813429439
99,CS,Dsg3,40X Dsg3 CS - 05.tif,zone 3,NA,NA,0.910636394245485,0.589729376518448,0.115808400851316,0.704071734516886,3.69472004165054,0.128098810829013,0.287840574199607,0.990918245862406
100,CS,Dsg3,40X Dsg3 CS - 05.tif,zone 4,NA,NA,0.97034415875931,0.571198483788913,0.109047505123028,0.695310752352773,3.68124286388473,0.128366002405089,0.296568367675108,0.9782945130646
101,CS,E-cad,40X E-cad CS - 01.tif,zone 1,NA,NA,0.300693623099684,0.874044715552753,0.209933319964378,0.863185669829609,5.69577820986146,0.135476491122344,0.238991441086656,0.952345471641111
102,CS,E-cad,40X E-cad CS - 01.tif,zone 2,NA,NA,0.319747107438017,0.889301879417524,0.206222525570895,0.857593106995885,5.70925421166925,0.145345623591422,0.228180678790793,0.961201180396154
103,CS,E-cad,40X E-cad CS - 01.tif,zone 3,NA,NA,0.321325272931334,0.868581089021359,0.192496399074034,0.853503683807775,5.66259926444398,0.1341165069031,0.249317418365232,0.957610050360355
104,CS,E-cad,40X E-cad CS - 01.tif,zone 4,NA,NA,0.295969737781859,0.881129101925216,0.215642837094321,0.865576845559977,5.58949708469155,0.134513090483069,0.222766146525142,0.963998570808859
105,CS,E-cad,40X E-cad CS - 02.tif,zone 1,NA,NA,0.319336751351903,0.873865099766734,0.208707506137226,0.856997882018842,5.61455154293331,0.139982750903809,0.24306065969503,0.952049229553254
106,CS,E-cad,40X E-cad CS - 02.tif,zone 2,NA,NA,0.320291113151719,0.882264482484305,0.211927359591974,0.858456860354386,5.60055127845205,0.146766647963758,0.253604238124574,0.963099004485534
107,CS,E-cad,40X E-cad CS - 02.tif,zone 3,NA,NA,0.328164207733905,0.857237145864591,0.226812751902035,0.853136349862259,5.28176587572133,0.132493975409083,0.230926353791934,0.959403506761665
108,CS,E-cad,40X E-cad CS - 02.tif,zone 4,NA,NA,0.283452392612999,0.893481861757311,0.244958402372971,0.8737203147638,5.65851067157861,0.143557498962694,0.211377023155821,0.964812291556118
109,CS,E-cad,40X E-cad CS - 03.tif,zone 1,NA,NA,0.282728088970513,0.894464430202146,0.204806457438991,0.86948743580587,5.81769945637635,0.142501298018165,0.249087273435118,0.9558342958286
110,CS,E-cad,40X E-cad CS - 03.tif,zone 2,NA,NA,0.291440220385675,0.878448963274677,0.243954659055673,0.867004535251505,5.47217486099144,0.136401432523172,0.228954783717485,0.949373315692477
111,CS,E-cad,40X E-cad CS - 03.tif,zone 3,NA,NA,0.305227895112744,0.877926732668294,0.207594415424768,0.861005011053294,5.69952794438455,0.142391966877931,0.246422635621408,0.954146886874241
112,CS,E-cad,40X E-cad CS - 03.tif,zone 4,NA,NA,0.315539873482298,0.875669595396488,0.193380735750844,0.855753342346019,5.81572486136245,0.138729485092952,0.265583742388694,0.948693939918019
113,CS,E-cad,40X E-cad CS - 04.tif,zone 1,NA,NA,0.324859136822773,0.89475477075084,0.182823141048296,0.851823222630344,5.85775381422075,0.155769447201466,0.259653296795361,0.951760151185647
114,CS,E-cad,40X E-cad CS - 04.tif,zone 2,NA,NA,0.328680093867973,0.886187992654002,0.198369123631156,0.850581185593307,5.80061576367187,0.14968595665418,0.26718201078386,0.942673263323989
115,CS,E-cad,40X E-cad CS - 04.tif,zone 3,NA,NA,0.30690845832058,0.886061520258799,0.206537268074463,0.860698668503214,5.73960151821521,0.148818216509662,0.267466549905492,0.943030337911578
116,CS,E-cad,40X E-cad CS - 04.tif,zone 4,NA,NA,0.319020079583716,0.859586543728526,0.19739797881204,0.853776338298813,5.70011402782121,0.131639894566126,0.283484264117593,0.932107139112344
117,CS,E-cad,40X E-cad CS - 05.tif,zone 1,NA,NA,0.309278104275074,0.871727014421564,0.204281038307264,0.85805525456586,5.76308491125088,0.133845081532013,0.254380993459007,0.947875441815977
118,CS,E-cad,40X E-cad CS - 05.tif,zone 2,NA,NA,0.334056310580553,0.887347100786445,0.20282504693927,0.852011538278407,5.71774292870609,0.15102418086371,0.235904872750253,0.956140385195955
119,CS,E-cad,40X E-cad CS - 05.tif,zone 3,NA,NA,0.319370809101112,0.884831883357693,0.194544505641446,0.857347880488386,5.79669616353613,0.145379792154723,0.247812270287574,0.957936096361864
120,CS,E-cad,40X E-cad CS - 05.tif,zone 4,NA,NA,0.288189378634833,0.888384592658479,0.218867229634464,0.868575641941299,5.6694124785578,0.13706862824411,0.226399402787468,0.959148847273133
121,CS,F-actin,40X F-actin CS - 01.tif,zone 1,0.218210940978527,7.32,0.290326181001939,0.894017523040246,0.163287774980379,0.863937711287964,5.40099727339993,0.143239746310684,0.31082526138052,0.941638712629185
122,CS,F-actin,40X F-actin CS - 01.tif,zone 2,0.211654360046353,8.52,0.295994490358127,0.892315935697476,0.165914959723693,0.861619210284665,5.27744285867103,0.145673767070833,0.305918408329667,0.948438378614807
123,CS,F-actin,40X F-actin CS - 01.tif,zone 3,0.222972816738742,7.28,0.267845954494439,0.898849042016638,0.192711132343002,0.876304356698296,5.32621904347064,0.140419975557093,0.259035282662189,0.967426480528333
124,CS,F-actin,40X F-actin CS - 01.tif,zone 4,0.238554220777055,7.48,0.270173778185899,0.89341015386709,0.185833843954989,0.875083845185865,5.39829780797724,0.137242884247258,0.265846607280682,0.952002592650628
125,CS,F-actin,40X F-actin CS - 02.tif,zone 1,0.209698299304391,8.56,0.305657432915009,0.885624054568692,0.156468721995706,0.856545777641737,5.19588196056436,0.144075732330271,0.327671253028726,0.932086975096486
126,CS,F-actin,40X F-actin CS - 02.tif,zone 2,0.237776070486778,9.28,0.299716028976635,0.89025471703222,0.158185414717926,0.859396820902629,5.35400190806579,0.144665533899593,0.339072123246592,0.926938919935628
127,CS,F-actin,40X F-actin CS - 02.tif,zone 3,0.22374158707763,9.92,0.301227680848893,0.885080912733038,0.175407645623997,0.860403457130225,5.3705552621076,0.140244454887591,0.314891641154767,0.943334767279869
128,CS,F-actin,40X F-actin CS - 02.tif,zone 4,0.227937246267603,8.24,0.304083318028773,0.883122193025599,0.178050513081993,0.860345694316907,5.37632756374409,0.140138898771762,0.299456188410714,0.943044216233107
129,CS,F-actin,40X F-actin CS - 03.tif,zone 1,0.211129921302867,7.6,0.2895846852362,0.887997058157734,0.185159713069327,0.867680518314458,5.36628935857346,0.139793882891523,0.272443646265173,0.955176168129895
130,CS,F-actin,40X F-actin CS - 03.tif,zone 2,0.187831721469023,6.76,0.273743669013366,0.899405341543547,0.174762285657969,0.871147200115634,5.43552620465358,0.14480508547536,0.302684061487696,0.943262143206268
131,CS,F-actin,40X F-actin CS - 03.tif,zone 3,0.212828770545027,7.92,0.283426150392817,0.881383624484505,0.188201728884758,0.867873629391559,5.30329043277448,0.133076301791918,0.297553543759876,0.933073644935384
132,CS,F-actin,40X F-actin CS - 03.tif,zone 4,0.198727513196208,6.68,0.283742454851546,0.897788858841636,0.171132133544538,0.868343054280175,5.44103163296414,0.145966117296613,0.295886283235169,0.957666743768932
133,CS,F-actin,40X F-actin CS - 04.tif,zone 1,0.220739480958638,8,0.270923722069177,0.891921310453073,0.178287789367072,0.871135799068122,5.27904166280782,0.137728557814165,0.313367305062083,0.938503575069988
134,CS,F-actin,40X F-actin CS - 04.tif,zone 2,0.21363861175125,7.56,0.293249168452199,0.891087990973103,0.165121703352698,0.862985248954188,5.43545847451128,0.142329117608156,0.317055283637185,0.94123818072457
135,CS,F-actin,40X F-actin CS - 04.tif,zone 3,0.19239409580796,6.48,0.273724864809713,0.898989017171891,0.17691741741789,0.87157566999966,5.40014319824117,0.144040970271849,0.300441758552784,0.941294995673465
136,CS,F-actin,40X F-actin CS - 04.tif,zone 4,0.198145399867621,7,0.272984195490256,0.903411101783005,0.167404206019339,0.870487882188892,5.41015629914536,0.146164780314624,0.303098795059997,0.944524097334931
137,CS,F-actin,40X F-actin CS - 05.tif,zone 1,0.213369342707946,8.48,0.311788623609836,0.887754014452444,0.150829146601098,0.85442761452913,5.29784114063882,0.147206850582051,0.349299752079004,0.92861062089336
138,CS,F-actin,40X F-actin CS - 05.tif,zone 2,0.209524385383019,7.8,0.277229507193144,0.873545417484966,0.189574050510047,0.869460963167024,5.13215006100979,0.128920809645436,0.289001650532703,0.946407584619163
139,CS,F-actin,40X F-actin CS - 05.tif,zone 3,0.187144592985661,5.88,0.282013947556372,0.904335216776071,0.165025269860058,0.867982678638234,5.4325794911349,0.149532562291714,0.310478910114639,0.943853291096372
140,CS,F-actin,40X F-actin CS - 05.tif,zone 4,0.200088172136286,8,0.28078366493215,0.88722727366492,0.176471553866162,0.868642095194368,5.29675120445852,0.137188327093296,0.299916375368092,0.93907723976974
141,CS,IF,40X IF CS - 01.tif,zone 1,0.167107238324517,6.56,0.312333557800225,0.882679220612317,0.178442264590429,0.860130715913342,5.7212071839921,0.143381517578676,0.253173697220377,0.982716703833689
142,CS,IF,40X IF CS - 01.tif,zone 2,0.154511329127077,5.72,0.3064967758392,0.901761774534976,0.187002488316728,0.863848289290208,5.64469268276733,0.157020817566546,0.238611287318008,0.991293685594966
143,CS,IF,40X IF CS - 01.tif,zone 3,0.150332918357586,6.08,0.295995663707785,0.904491977665147,0.200956485379181,0.869515793796551,5.75430254320718,0.157113131779446,0.265317868908068,0.972629123633347
144,CS,IF,40X IF CS - 01.tif,zone 4,0.130676341473627,5.2,0.29503387409448,0.910317909499356,0.188243737638349,0.867793915246744,5.8969580224099,0.161471258277118,0.273936135845989,0.967420105102006
145,CS,IF,40X IF CS - 02.tif,zone 1,0.160788273343578,7.16,0.31344779104173,0.88452805598736,0.187855877970839,0.859223081148182,5.7238262865095,0.151052838093477,0.272157119852751,0.973884299326259
146,CS,IF,40X IF CS - 02.tif,zone 2,0.162978732067123,5.28,0.32243205795327,0.899797871126943,0.164209050027701,0.856486933476176,6.07976400999598,0.160016206709598,0.295633268805847,0.966060708651072
147,CS,IF,40X IF CS - 02.tif,zone 3,0.165810626997859,6.92,0.313627640036731,0.898937803813384,0.165758828776256,0.856921186613611,5.6011942249329,0.157051168796977,0.292139602768462,0.977798426311286
148,CS,IF,40X IF CS - 02.tif,zone 4,0.159406679605803,5.48,0.324692664013876,0.898456238598192,0.175403289618281,0.853760742101146,5.81135082011137,0.162425925364628,0.30924034014032,0.973910540051946
149,CS,IF,40X IF CS - 03.tif,zone 1,0.156410056934317,5.36,0.272446821752882,0.894841843209693,0.214076610318869,0.876910438560691,5.57022689068743,0.139097775352399,0.226801559513709,0.977530154346344
150,CS,IF,40X IF CS - 03.tif,zone 2,0.175024596625304,5.88,0.288609315375982,0.875218942243194,0.234661685120272,0.868656186103459,5.25714126768658,0.133554042415706,0.227046167161321,0.982886966843571
151,CS,IF,40X IF CS - 03.tif,zone 3,0.123529311897609,3.64,0.292336128966432,0.906501965572706,0.18368425929632,0.868559951535558,5.98229504428901,0.155139903789886,0.282872149329333,0.962456143313375
152,CS,IF,40X IF CS - 03.tif,zone 4,0.189322245571912,7.44,0.338458147127844,0.884804363064006,0.167635537381844,0.849431573308846,5.68639798587408,0.150907029859002,0.284084661497289,0.967201100406402
153,CS,IF,40X IF CS - 04.tif,zone 1,0.172696887155551,7.32,0.292506948270585,0.891407870035724,0.200479327554364,0.866382559602762,5.47065803076798,0.145137146423169,0.267854698999388,0.97058220205835
154,CS,IF,40X IF CS - 04.tif,zone 2,0.179205992738811,6.68,0.316050790735639,0.897485548966003,0.174286471843366,0.86079143080638,5.94014036682343,0.156811877311435,0.289099657892053,0.966390953804015
155,CS,IF,40X IF CS - 04.tif,zone 3,0.152490017390811,6.48,0.288979287827773,0.88607290167964,0.20664543837628,0.867530178043057,5.36803462668745,0.14119177633489,0.24832327532961,0.982687979559052
156,CS,IF,40X IF CS - 04.tif,zone 4,0.1536794845875,6.44,0.280595184164881,0.888405987423644,0.195441386171352,0.873370468999762,5.83034091284523,0.137841682868842,0.266272718887076,0.967043735127075
157,CS,IF,40X IF CS - 05.tif,zone 1,0.184391046049908,5.84,0.29667137026834,0.897532168582035,0.177004223902575,0.864016625004251,5.6880206221318,0.148682371656037,0.266561091796988,0.96280257696178
158,CS,IF,40X IF CS - 05.tif,zone 2,0.190948869923197,5.6,0.275115590245893,0.91250320588997,0.183298588279489,0.875503341325715,5.82035139382761,0.155269197692866,0.247142908096843,0.983762917114658
159,CS,IF,40X IF CS - 05.tif,zone 3,0.165107793311524,5.32,0.26693225181104,0.901640359656543,0.19517263515954,0.876994579124579,5.66390389648875,0.14468110605556,0.244211123732059,0.976721286142119
160,CS,IF,40X IF CS - 05.tif,zone 4,0.173735165532451,6.84,0.297823803693501,0.900593640980557,0.179368822028544,0.86463393701323,5.80704405736934,0.152034418812804,0.269821765611406,0.979541978759212
161,SS,Dsg3,40X Dsg3 SS - 01.tif,zone 1,NA,NA,1.56157831853892,0.39055298213507,0.0867626616618415,0.637998823917384,4.0616327117307,0.137152363759552,0.26595513342043,1
162,SS,Dsg3,40X Dsg3 SS - 01.tif,zone 2,NA,NA,1.40357754310785,0.391687797982342,0.102550779398646,0.651590567252613,4.04838622370451,0.129071748906616,0.244854747166554,1
163,SS,Dsg3,40X Dsg3 SS - 01.tif,zone 3,NA,NA,1.42265509641873,0.37366966511339,0.100413163677559,0.648171334108279,4.01729168180588,0.12713116924247,0.247956015242567,1
164,SS,Dsg3,40X Dsg3 SS - 01.tif,zone 4,NA,NA,1.45953533312927,0.359642180517162,0.094791620574387,0.642217626286919,3.91752718520581,0.131033712214411,0.240578569340214,0.999130434782609
165,SS,Dsg3,40X Dsg3 SS - 02.tif,zone 1,NA,NA,0.946931700846853,0.549096307304368,0.132239263108266,0.706256328824561,3.47484708475363,0.122272718186941,0.257480099255325,0.996603174603175
166,SS,Dsg3,40X Dsg3 SS - 02.tif,zone 2,NA,NA,0.983040046933986,0.562180349872161,0.113452391122174,0.692724724663664,3.50445439963133,0.12832100675049,0.270465668495238,0.995592118226601
167,SS,Dsg3,40X Dsg3 SS - 02.tif,zone 3,NA,NA,1.0772636771758,0.544488328200584,0.103013817122387,0.680951691348308,3.41649762152351,0.133308414228434,0.269087772525832,1
168,SS,Dsg3,40X Dsg3 SS - 02.tif,zone 4,NA,NA,0.9763233751658,0.596367004270584,0.12418337200561,0.699879707610011,3.59706892451393,0.132463892384891,0.267640109147262,0.995959094668772
169,SS,Dsg3,40X Dsg3 SS - 03.tif,zone 1,NA,NA,0.86794355677992,0.660985244062468,0.111408550132688,0.710560852123933,3.89807610862073,0.138309350934393,0.293343836819577,0.982225294258656
170,SS,Dsg3,40X Dsg3 SS - 03.tif,zone 2,NA,NA,0.858092072237527,0.631283437845868,0.120097204918017,0.714066028490776,3.80509844287423,0.132175070970013,0.281695945421558,0.986914637537356
171,SS,Dsg3,40X Dsg3 SS - 03.tif,zone 3,NA,NA,1.03712719110295,0.53650432360334,0.111045678598462,0.690402395673911,3.62572995911881,0.128535155117207,0.307186115680711,0.979235723858442
172,SS,Dsg3,40X Dsg3 SS - 03.tif,zone 4,NA,NA,0.831485562697684,0.611886605710161,0.13362001450438,0.722023595551474,3.83253367677586,0.125425859589807,0.288252861152114,0.978906208154803
173,SS,E-cad,40X E-cad SS - 01.tif,zone 1,NA,NA,0.965518630751964,0.583615604319393,0.118655358764102,0.703391936403477,3.66591631131715,0.133153177464599,0.287363514643629,0.990815619062391
174,SS,E-cad,40X E-cad SS - 01.tif,zone 2,NA,NA,1.06511280481583,0.548669689900139,0.117437739382886,0.691143360274219,3.4502179416404,0.130687739906441,0.24561948563491,0.99779068627451
175,SS,E-cad,40X E-cad SS - 01.tif,zone 3,NA,NA,0.971444638302213,0.557259512112629,0.10799227191714,0.692529036007016,3.6647727116033,0.125774412575796,0.29552108843543,0.990347929731926
176,SS,E-cad,40X E-cad SS - 01.tif,zone 4,NA,NA,1.21890911131517,0.501867707992013,0.101321991236139,0.668294211754389,3.35764059849227,0.135955909265392,0.268252251913599,0.995565268065268
177,SS,E-cad,40X E-cad SS - 02.tif,zone 1,NA,NA,0.422539281705948,0.756865297928512,0.207636303948821,0.814388067544128,4.52559876878209,0.111727254996719,0.251830727134462,0.955261247986281
178,SS,E-cad,40X E-cad SS - 02.tif,zone 2,NA,NA,0.424963411896745,0.772858738236234,0.193782211305614,0.810669228139986,4.56647809209261,0.116553696410164,0.250127261269395,0.960634101420585
179,SS,E-cad,40X E-cad SS - 02.tif,zone 3,NA,NA,0.368477339047036,0.764366718761869,0.257912717714224,0.834147690541781,4.5041413835965,0.109326726360933,0.224586776089914,0.963511828312487
180,SS,E-cad,40X E-cad SS - 02.tif,zone 4,NA,NA,0.41576451382512,0.791985286333784,0.188738258448762,0.816769364010475,4.63913198310421,0.119353795755758,0.243948919784521,0.969854941335624
181,SS,E-cad,40X E-cad SS - 03.tif,zone 1,NA,NA,0.354825262728293,0.813901183091854,0.243345173083246,0.841322419991157,4.76907770578023,0.119764359010765,0.222669698274393,0.969368729974045
182,SS,E-cad,40X E-cad SS - 03.tif,zone 2,NA,NA,0.380736669727579,0.804987079579966,0.223141673476314,0.83227876815291,4.67235717138322,0.123162528004715,0.223541153144519,0.970416524685871
183,SS,E-cad,40X E-cad SS - 03.tif,zone 3,NA,NA,0.403643628201204,0.770607000827644,0.205710232398467,0.820909572322552,4.72200188459971,0.116790931278874,0.263227418949922,0.94769837598983
184,SS,E-cad,40X E-cad SS - 03.tif,zone 4,NA,NA,0.360570237730844,0.775805077935106,0.247599029894263,0.837690020576132,4.77787984661911,0.110284555910833,0.234714281947946,0.96466205200013
185,SS,F-actin,40X F-actin SS - 01.tif,zone 1,0.186658072247534,4.52,0.248053412917049,0.905335100910758,0.243608557579648,0.891363427201306,5.76592823984612,0.140698104986834,0.205640278291218,0.977639368571046
186,SS,F-actin,40X F-actin SS - 01.tif,zone 2,0.174933736649164,4.24,0.249195551474339,0.91017631837591,0.289052386521681,0.896061043941094,5.77311051783722,0.146839694481252,0.193002584800113,0.981172652538115
187,SS,F-actin,40X F-actin SS - 01.tif,zone 3,0.226187691942067,5.92,0.239746097337006,0.896290692284609,0.273440505784789,0.895099118117199,5.63098134487336,0.130279840601271,0.194253950594166,0.977966898504607
188,SS,F-actin,40X F-actin SS - 01.tif,zone 4,0.203391255521277,5.52,0.258947658402204,0.899115627287851,0.242986818862848,0.887362898513757,5.7595998560289,0.139560249517669,0.204634411715745,0.979701289518783
189,SS,F-actin,40X F-actin SS - 02.tif,zone 1,0.187858347406827,3.56,0.218043801652893,0.906276181496295,0.3544859503596,0.910349655987484,5.2986771746994,0.133224855528869,0.156604997364455,0.984257557700393
190,SS,F-actin,40X F-actin SS - 02.tif,zone 2,0.169656616272713,2.96,0.240672329354147,0.911260218634448,0.298006376402068,0.90053782131075,5.57265410033906,0.142156022099345,0.183086412453809,0.981178947300488
191,SS,F-actin,40X F-actin SS - 02.tif,zone 3,0.182284720729131,3.96,0.231065268850117,0.906788140123473,0.314900489239144,0.903770338910995,5.48321328752914,0.136594985500914,0.168853080981706,0.978868455346313
192,SS,F-actin,40X F-actin SS - 02.tif,zone 4,0.232411220097753,4.28,0.218468166513621,0.909655854148842,0.32207501483049,0.907173772914328,5.35471850511223,0.135464024148443,0.168925575364101,0.986118488092692
193,SS,F-actin,40X F-actin SS - 03.tif,zone 1,0.195845926262998,4.64,0.226830568309356,0.902935944845166,0.342918817844965,0.90883349114036,5.41372144998298,0.134646748532459,0.160230671430752,0.987489350395961
194,SS,F-actin,40X F-actin SS - 03.tif,zone 2,0.207641511836831,2.8,0.201369992857872,0.91608379684527,0.392487432797347,0.918660976771078,5.44671641364851,0.138728492942078,0.149513576474156,0.988659693422475
195,SS,F-actin,40X F-actin SS - 03.tif,zone 3,0.212316158412379,4.6,0.22912641567187,0.898707216473896,0.345573579062987,0.90536651551591,5.50263987142152,0.13263169888357,0.166212373071976,0.984163261794224
196,SS,F-actin,40X F-actin SS - 03.tif,zone 4,0.201793251980097,3.6,0.230470911131517,0.908883952745908,0.321769188671911,0.906504709723498,5.66013664220906,0.140211463738158,0.170210706465359,0.987606105673949
197,SS,F-actin,40X F-actin SS - 04.tif,zone 1,0.191726900100091,4.16,0.226088848076727,0.902873178128872,0.338873210947342,0.904492141448151,5.33916260875329,0.1303541256837,0.169555394023733,0.982954161317299
198,SS,F-actin,40X F-actin SS - 04.tif,zone 2,0.183011359088551,6.4,0.276874563820018,0.888637123200758,0.250138489768956,0.880043817807707,5.44520895952693,0.13550094488641,0.20838701378526,0.98102199257581
199,SS,F-actin,40X F-actin SS - 04.tif,zone 3,0.183719357413,4.4,0.221532802775227,0.894382158571521,0.32612340315041,0.904869483045948,5.3496889530672,0.125590887583787,0.167605338416358,0.98566150232387
200,SS,F-actin,40X F-actin SS - 04.tif,zone 4,0.212977964301306,3.48,0.188715018875625,0.906529213135174,0.380886148766343,0.918801733156481,5.26848316789486,0.125643274913488,0.146955402587459,0.985115755748283
201,SS,F-actin,40X F-actin SS - 05.tif,zone 1,0.196265515566165,5.24,0.259036333027242,0.892736263361977,0.302006506505565,0.891316757133626,5.23667674468345,0.137094709227344,0.193512670364042,0.979857168715687
202,SS,F-actin,40X F-actin SS - 05.tif,zone 2,0.144895253788889,4.88,0.28324838281808,0.871139849804278,0.252706089214685,0.878646134748155,5.53123830825627,0.128320902299617,0.197517096694811,0.981622055147498
203,SS,F-actin,40X F-actin SS - 05.tif,zone 3,0.207466676626734,5.52,0.22600020406081,0.888558670514962,0.335709254239548,0.90179553906064,5.02906967590001,0.122254760838367,0.170818535767753,0.983197967664009
204,SS,F-actin,40X F-actin SS - 05.tif,zone 4,0.164162388673521,4.88,0.27990121416182,0.891528409319916,0.276130490574144,0.880282712478319,5.55495503693016,0.136096620439861,0.201359084880162,0.980963513872691
205,SS,IF,40X IF SS - 01.tif,zone 1,0.148592022714363,7.68,0.343093735333129,0.887870790457111,0.172808267552074,0.848035122776587,4.91688116158676,0.154033269349216,0.260936981535959,0.983074906095779
206,SS,IF,40X IF SS - 01.tif,zone 2,0.136626222649445,7.4,0.330205213753699,0.883104371514985,0.158716115451135,0.849050579872802,5.50011958533887,0.146687251961841,0.284523150091289,0.975553341974302
207,SS,IF,40X IF SS - 01.tif,zone 3,0.146189023249778,6.68,0.307888215488216,0.893874598565582,0.188533002627265,0.86048784885896,5.39780876443554,0.151714666981027,0.270418024489034,0.976994006003994
208,SS,IF,40X IF SS - 01.tif,zone 4,0.189528352989904,7.68,0.336197153351699,0.869484715186821,0.163696825814408,0.846158664592048,5.1130588680421,0.145342637197788,0.302917950517114,0.964979941037856
209,SS,IF,40X IF SS - 02.tif,zone 1,0.14833541290973,8.36,0.321938332823181,0.871112885565424,0.179127872329092,0.852693976805088,5.00652400158867,0.138464036622251,0.265628250181822,0.972865210450052
210,SS,IF,40X IF SS - 02.tif,zone 2,0.211308018235532,8.68,0.321190694827058,0.864855701956794,0.183723635573767,0.852119360779512,4.99746665382323,0.135371157396747,0.26934651284501,0.972932961445222
211,SS,IF,40X IF SS - 02.tif,zone 3,0.165615210255747,7.16,0.306637404346495,0.892264314885104,0.205197507787191,0.859919088698432,5.03139221766039,0.149719339731307,0.263736404379948,0.983518969379748
212,SS,IF,40X IF SS - 02.tif,zone 4,0.166963718418093,7,0.312360106111621,0.887934732997559,0.163097961765279,0.854296241029827,4.78298121806914,0.156966613688046,0.284804807016797,0.978229821298117
213,SS,IF,40X IF SS - 03.tif,zone 1,0.198601964210367,6.36,0.241422324252627,0.888406758388214,0.253699894065238,0.887835660986974,5.01320360204224,0.127463716731762,0.208469972160007,0.979275448594705
214,SS,IF,40X IF SS - 03.tif,zone 2,0.194962967474893,4.6,0.266041169268442,0.893014599037436,0.200436139914088,0.876238942454852,5.07462695249466,0.135901114005307,0.22121541252042,0.980480564973479
215,SS,IF,40X IF SS - 03.tif,zone 3,0.166702553082531,6.96,0.278138802163045,0.876248537375366,0.245197812048777,0.874010700778832,4.73869840193668,0.128762289613672,0.223664231912705,0.978045196276588
216,SS,IF,40X IF SS - 03.tif,zone 4,0.176677442971997,5.56,0.266944444444444,0.890955798707203,0.240101527729914,0.877221008910655,4.90243665790901,0.136165001042657,0.235881683110701,0.97274538943315
217,SS,IF,40X IF SS - 04.tif,zone 1,0.168259798863327,6.875,0.327076860779512,0.878961729760071,0.170939575816852,0.851210068204492,5.23284742715398,0.144090154927513,0.267499305309398,0.979379288109029
218,SS,IF,40X IF SS - 04.tif,zone 2,0.128580622843333,5.68,0.36133649627589,0.878353153896723,0.140177130854749,0.835545694316906,4.98908147919828,0.151657478623345,0.308084515218245,0.979206728433355
219,SS,IF,40X IF SS - 04.tif,zone 3,0.170513128686368,6.95833333333333,0.334444890827467,0.88644217381952,0.152020864162137,0.848672063649968,5.04478573358723,0.154676265562977,0.268344963223692,0.988946227792819
220,SS,IF,40X IF SS - 04.tif,zone 4,0.150689846862065,6.96,0.309560636669728,0.88334538689348,0.190298798563956,0.859856196646601,5.18163869089152,0.140374411958302,0.248345666953124,0.97975107140996
221,SS,IF,40X IF SS - 05.tif,zone 1,0.159710699422702,6.44,0.306688409345985,0.896707906082287,0.166673099552693,0.858071585382444,5.31690516162991,0.15036279906412,0.262896160588993,0.9836722807995
222,SS,IF,40X IF SS - 05.tif,zone 2,0.152573245856136,4.76,0.26985141312111,0.914435329223607,0.213035590380409,0.877523057705482,5.26537867151536,0.15813062666534,0.227968306993721,0.995113035785276
223,SS,IF,40X IF SS - 05.tif,zone 3,0.170195635998549,6,0.295910223446587,0.890421252569935,0.18404558640471,0.865206811889943,5.35407362138272,0.143475372727594,0.25982497706038,0.973858056587837
224,SS,IF,40X IF SS - 05.tif,zone 4,0.124183107777752,8.88,0.35121270278543,0.870956315019103,0.151788471916394,0.839317633404755,5.26595574429096,0.148641303928837,0.31947104158289,0.964879736293071
225,AK23,Dsg3,40X Dsg3 AK23 - 01.tif,zone 1,NA,NA,0.786148076726864,0.635874092741644,0.114018760183696,0.721304206373499,4.29339532223867,0.125985285116061,0.366943226728106,0.931413218818044
226,AK23,Dsg3,40X Dsg3 AK23 - 01.tif,zone 2,NA,NA,0.705730731558004,0.675550442892735,0.120936031429534,0.737926395095739,4.34744131731859,0.127729997839996,0.337379271208086,0.944567112477088
227,AK23,Dsg3,40X Dsg3 AK23 - 01.tif,zone 3,NA,NA,0.796060095908581,0.672620594364576,0.101630848142754,0.717370461687583,4.24508436993268,0.134932677732707,0.345847442651243,0.963897596853328
228,AK23,Dsg3,40X Dsg3 AK23 - 01.tif,zone 4,NA,NA,0.734205111723293,0.696077394787026,0.119631327544521,0.734859290815806,4.32747079002874,0.135913154834653,0.326593976191796,0.959066001663349
229,AK23,Dsg3,40X Dsg3 AK23 - 02.tif,zone 1,NA,NA,0.674934894398531,0.730499680018527,0.120080391411583,0.743944029690848,4.4932063803075,0.13827091930592,0.334388028254862,0.953584483763584
230,AK23,Dsg3,40X Dsg3 AK23 - 02.tif,zone 2,NA,NA,0.647998347107438,0.721116362911033,0.127693578637777,0.749492112199435,4.45531215329046,0.13075064067086,0.318682325966511,0.952821558059469
231,AK23,Dsg3,40X Dsg3 AK23 - 02.tif,zone 3,NA,NA,0.609822191613101,0.760900048098617,0.1197253664672,0.755939643063633,4.6830399998642,0.141704600484347,0.335214068256106,0.951826306490363
232,AK23,Dsg3,40X Dsg3 AK23 - 02.tif,zone 4,NA,NA,0.782858953168044,0.647064885654695,0.112966575617793,0.722842684760059,4.29561868016169,0.128689994475611,0.361957707270505,0.939081496116992
233,AK23,Dsg3,40X Dsg3 AK23 - 03.tif,zone 1,NA,NA,0.837673237424753,0.659840547788848,0.107241252179764,0.714752105567459,4.15820297725949,0.13373841275275,0.329993135665565,0.967279730591605
234,AK23,Dsg3,40X Dsg3 AK23 - 03.tif,zone 2,NA,NA,0.912741730435669,0.629904890218134,0.102547689729562,0.706119829196243,4.12566471838973,0.135725495254052,0.345537618203026,0.967798701882178
235,AK23,Dsg3,40X Dsg3 AK23 - 03.tif,zone 3,NA,NA,0.765326599326599,0.671851899640779,0.122544718643199,0.729292717579839,4.14035025200289,0.130570484111618,0.299653458218793,0.974837287225626
236,AK23,Dsg3,40X Dsg3 AK23 - 03.tif,zone 4,NA,NA,0.757034343434344,0.67186262072181,0.112392310501222,0.729367741386933,4.26927448784772,0.132055589668985,0.322502381195983,0.974133510096274
237,AK23,Dsg3,40X Dsg3 AK23 - 04.tif,zone 1,NA,NA,0.75964818896031,0.663059949801813,0.118291793137861,0.728153284188688,4.29541003845417,0.129149475039734,0.344833573563206,0.944554707741501
238,AK23,Dsg3,40X Dsg3 AK23 - 04.tif,zone 2,NA,NA,0.689651984491378,0.688758895251364,0.1290082716848,0.740257684760058,4.32013287906151,0.128349743472744,0.331199901214773,0.948022441289654
239,AK23,Dsg3,40X Dsg3 AK23 - 04.tif,zone 3,NA,NA,0.835552831343741,0.602187798683747,0.121706839244653,0.715917553140836,4.02196808631299,0.123846601483103,0.335594417185742,0.954167962011513
240,AK23,Dsg3,40X Dsg3 AK23 - 04.tif,zone 4,NA,NA,0.780103336394246,0.620162491062937,0.121354960129326,0.724661987236482,4.07267140516146,0.122802006769095,0.316318954222135,0.958900882254083
241,AK23,Dsg3,40X Dsg3 AK23 - 05.tif,zone 1,NA,NA,0.719398724619936,0.621937469463009,0.150851569306019,0.741209194810053,4.11921266125317,0.121007328681981,0.307535187413402,0.957976767659403
242,AK23,Dsg3,40X Dsg3 AK23 - 05.tif,zone 2,NA,NA,0.67871008060402,0.642828343166674,0.152271080964806,0.750498646299454,4.1328810333534,0.117237606649144,0.280702990065631,0.9757102186997
243,AK23,Dsg3,40X Dsg3 AK23 - 05.tif,zone 3,NA,NA,0.739663248648097,0.639480443776786,0.143729535049016,0.741300897867564,4.06901898325946,0.121543901525047,0.278356419569856,0.97733250342376
244,AK23,Dsg3,40X Dsg3 AK23 - 05.tif,zone 4,NA,NA,0.782306336088155,0.609683057481758,0.134980132877504,0.728680968292837,3.99629310991829,0.120633393223264,0.303494641771281,0.970023949838384
245,AK23,E-cad,40X E-cad AK23 - 01.tif,zone 1,NA,NA,0.403716018773595,0.852872848395129,0.160190872824831,0.826948208856239,6.11210013146696,0.145458276330565,0.33805588241739,0.918733266337278
246,AK23,E-cad,40X E-cad AK23 - 01.tif,zone 2,NA,NA,0.342278696051423,0.880345345667774,0.18355634325001,0.852462681699146,6.09484352754654,0.158209685569034,0.307119976786711,0.933202395860134
247,AK23,E-cad,40X E-cad AK23 - 01.tif,zone 3,NA,NA,0.362422405876951,0.886358667525735,0.176442804584786,0.8440152392613,6.15501462453653,0.156285866485146,0.287446670444804,0.944726131365779
248,AK23,E-cad,40X E-cad AK23 - 01.tif,zone 4,NA,NA,0.337794184266911,0.884094650110265,0.202560505603245,0.854423749617386,6.02138984075712,0.160632563251765,0.291231653302212,0.933631353695674
249,AK23,E-cad,40X E-cad AK23 - 02.tif,zone 1,NA,NA,0.394572308948066,0.87016259757082,0.187587713818179,0.831983039655817,5.9901153176209,0.155389713258151,0.289092562097558,0.942529093121465
250,AK23,E-cad,40X E-cad AK23 - 02.tif,zone 2,NA,NA,0.352096816651362,0.878005915795945,0.196024697431728,0.847471817161514,6.05364067723053,0.153942154916157,0.292770589449538,0.931613533565897
251,AK23,E-cad,40X E-cad AK23 - 02.tif,zone 3,NA,NA,0.433772921130497,0.907119327069485,0.15061977471025,0.824996450362208,6.42285957815672,0.198159305432199,0.348932932626209,0.931005852865951
252,AK23,E-cad,40X E-cad AK23 - 02.tif,zone 4,NA,NA,0.417472359963269,0.848439283404239,0.162369544950379,0.822102727612829,6.06413285238915,0.153287687362493,0.339564048094892,0.916026454488315
253,AK23,E-cad,40X E-cad AK23 - 03.tif,zone 1,NA,NA,0.386650474441384,0.859840951448237,0.191699585358792,0.837205530047954,5.95633103848793,0.146625321581453,0.263308103596732,0.948933356540522
254,AK23,E-cad,40X E-cad AK23 - 03.tif,zone 2,NA,NA,0.401429078665442,0.838531412306693,0.175013503252554,0.828358392170867,5.84069349070874,0.137917677649043,0.269601289608248,0.951189772670463
255,AK23,E-cad,40X E-cad AK23 - 03.tif,zone 3,NA,NA,0.318235578002245,0.876000941836157,0.21470216928299,0.860699019657858,5.84389306810193,0.142624507350704,0.249450052473358,0.953263040298952
256,AK23,E-cad,40X E-cad AK23 - 03.tif,zone 4,NA,NA,0.370823507805326,0.871757385982823,0.164697596908575,0.841485071421284,6.10562951598565,0.149473196982208,0.283423337791262,0.952032058796764
257,AK23,E-cad,40X E-cad AK23 - 04.tif,zone 1,NA,NA,0.324135843281298,0.875013505747464,0.21058931526224,0.857821577730164,5.95551882036545,0.143244439510843,0.282418092874042,0.936073713467623
258,AK23,E-cad,40X E-cad AK23 - 04.tif,zone 2,NA,NA,0.323580206101418,0.88814156428628,0.221916666494357,0.860576087644118,6.0099864535465,0.156500182136736,0.270000728051072,0.949989909930867
259,AK23,E-cad,40X E-cad AK23 - 04.tif,zone 3,NA,NA,0.340398285889195,0.85283361661387,0.20396887752739,0.850017429513995,5.78413758119183,0.135544285905707,0.278568834081424,0.936825828749604
260,AK23,E-cad,40X E-cad AK23 - 04.tif,zone 4,NA,NA,0.32211068258341,0.880165083346886,0.210642743074682,0.858829792538176,5.79482078601063,0.143821029070956,0.252215347434492,0.948583281575434
261,AK23,E-cad,40X E-cad AK23 - 05.tif,zone 1,NA,NA,0.327036404448526,0.856050947234529,0.197577485025344,0.853616626704758,5.81973376504838,0.132065507349721,0.262169030714455,0.949730630130619
262,AK23,E-cad,40X E-cad AK23 - 05.tif,zone 2,NA,NA,0.328391592694623,0.885910298166011,0.2016462384435,0.855413734312825,5.88505311014674,0.149696251825677,0.272023534373827,0.953404156904095
263,AK23,E-cad,40X E-cad AK23 - 05.tif,zone 3,NA,NA,0.351974023058872,0.865667773949751,0.171886580177425,0.843387897493453,5.77109196099421,0.139356687099886,0.279672424673354,0.954178246899013
264,AK23,E-cad,40X E-cad AK23 - 05.tif,zone 4,NA,NA,0.346950923375166,0.834787530096237,0.204992920018973,0.846848899432031,5.60488945776467,0.128968522572782,0.270738657030986,0.940877191840455
265,AK23,F-actin,40X F-actin AK23 - 01.tif,zone 1,0.139012183955598,8.08,0.339945372921131,0.857764848781462,0.169991438072525,0.844903945685814,4.98704154631628,0.134073317605422,0.31200172409067,0.947856975067616
266,AK23,F-actin,40X F-actin AK23 - 01.tif,zone 2,0.15799854095391,10.36,0.371547433935313,0.843431238125997,0.154447265193757,0.832191620752984,4.69935054243085,0.132241092001474,0.317457075359326,0.95275388330611
267,AK23,F-actin,40X F-actin AK23 - 01.tif,zone 3,0.175140190688405,9.44,0.363652892561983,0.857004493859461,0.156285649669271,0.833846439138863,4.84930210369852,0.138744880913711,0.341024548308945,0.944786250780855
268,AK23,F-actin,40X F-actin AK23 - 01.tif,zone 4,0.199513804179634,10.84,0.374934261810019,0.843429901154177,0.155624975480905,0.831748907084311,4.75092481749368,0.1329935011977,0.314994653358145,0.955873821261508
269,AK23,F-actin,40X F-actin AK23 - 02.tif,zone 1,0.204764551687739,10.6,0.348978930721355,0.823916285468479,0.188230821450351,0.840909359589158,4.44251104556054,0.119994779695253,0.32592599033158,0.93340291364763
270,AK23,F-actin,40X F-actin AK23 - 02.tif,zone 2,0.187259674715633,9.12,0.334311825323946,0.843948290250605,0.193902974629184,0.847956437268306,4.79550308649535,0.124541881296105,0.307354895099875,0.941947982332322
271,AK23,F-actin,40X F-actin AK23 - 02.tif,zone 3,0.196737313083133,10.64,0.358625517804306,0.845566414602265,0.154548764030724,0.834945541271299,4.71593799884129,0.132939616523428,0.367250214325528,0.90937554776304
272,AK23,F-actin,40X F-actin AK23 - 02.tif,zone 4,0.202377654446775,11.84,0.325764075094378,0.820098268737013,0.196975934460351,0.850024931129477,4.73748083423945,0.115687284417873,0.307547054756006,0.936408195057647
273,AK23,F-actin,40X F-actin AK23 - 03.tif,zone 1,0.229719488179443,10.72,0.35709898989899,0.805697226315094,0.193754802241319,0.838448215488216,4.23627153290685,0.115674907262127,0.313464663469634,0.936567961487698
274,AK23,F-actin,40X F-actin AK23 - 03.tif,zone 2,0.195596595011263,10.88,0.360635098459341,0.805504777000559,0.191402410572926,0.83672619902731,4.29893486694535,0.115746007877757,0.320256798742277,0.923565692565035
275,AK23,F-actin,40X F-actin AK23 - 03.tif,zone 3,0.204500355736306,9.8,0.347933598612387,0.853459443956975,0.163361348459125,0.840362180729857,4.69539338944728,0.134625175752415,0.342516905699836,0.9301506500895
276,AK23,F-actin,40X F-actin AK23 - 03.tif,zone 4,0.210197312136864,10.52,0.363051657994082,0.798468035809518,0.182512853429018,0.833956335237901,4.27253143166159,0.114520787112454,0.35933608050751,0.913977627344956
277,AK23,F-actin,40X F-actin AK23 - 04.tif,zone 1,0.213433033403886,10.4,0.332645342312009,0.861300705518899,0.163174296602689,0.84729812604156,4.7445386501764,0.133018620321383,0.29475082241741,0.95487520334195
278,AK23,F-actin,40X F-actin AK23 - 04.tif,zone 2,0.211340504130941,11.72,0.365166003469034,0.839259473160231,0.164788057146099,0.834186762915349,4.58242048008929,0.13017992750918,0.292173875504992,0.964757849025827
279,AK23,F-actin,40X F-actin AK23 - 04.tif,zone 3,0.233530915551803,11.28,0.355706478930721,0.855950900025801,0.161812064493579,0.838302081420263,4.60968569650954,0.136551878914207,0.304739712214934,0.958519682821762
280,AK23,F-actin,40X F-actin AK23 - 04.tif,zone 4,0.182106356805366,10.16,0.369529048056321,0.847324835763977,0.167352746256103,0.835975908750808,4.62273784777252,0.134948234631807,0.274313560936173,0.971065936941398
281,AK23,F-actin,40X F-actin AK23 - 05.tif,zone 1,0.189882937233255,8.24,0.30748205285175,0.889953819849242,0.160272742207663,0.857864109954766,4.97443432378172,0.14670470603022,0.292390592329353,0.97096228353041
282,AK23,F-actin,40X F-actin AK23 - 05.tif,zone 2,0.211011420774128,9.64,0.360240628507295,0.856536078836012,0.155749021919532,0.836694976703057,4.70263429644577,0.139416270962484,0.322561477050002,0.950040907632055
283,AK23,F-actin,40X F-actin AK23 - 05.tif,zone 3,0.207141759947933,8,0.335095388225691,0.859631768784616,0.160727111586909,0.844488534333231,4.79183468652826,0.134492494752109,0.329682491208263,0.941031954988559
284,AK23,F-actin,40X F-actin AK23 - 05.tif,zone 4,0.21164493160512,10.84,0.3355431486583,0.840814648905521,0.180639152491301,0.846242613508826,4.56597656399951,0.12688043824067,0.294990084216703,0.944244401323081
285,AK23,IF,40X IF AK23 - 01.tif,zone 1,0.201616182027285,8.64,0.338355820834609,0.865145661023113,0.174152451456919,0.847562492772846,5.33100045385387,0.136648366080476,0.296215164496784,0.93715257635268
286,AK23,IF,40X IF AK23 - 01.tif,zone 2,0.180843721278456,9.28,0.312713733292521,0.860681140412268,0.190823457000842,0.855227397714519,5.46916128497956,0.128949927443841,0.312994277900942,0.92318683166364
287,AK23,IF,40X IF AK23 - 01.tif,zone 3,0.208774009374502,8.88,0.31815059687787,0.868152902822352,0.179559933722804,0.854661559704792,5.52092595466877,0.135475766951532,0.294295759902513,0.946553630828769
288,AK23,IF,40X IF AK23 - 01.tif,zone 4,0.197273457042975,8.68,0.31338426691154,0.87698477596074,0.180953715263371,0.855919386627215,5.76824442025384,0.1393212948357,0.301141177220565,0.937662661270487
289,AK23,IF,40X IF AK23 - 02.tif,zone 1,0.210842046792959,9.52,0.325151770227528,0.867669298576048,0.170453897377587,0.852121890623406,5.79255634394228,0.137835699081042,0.313651910071439,0.929142483547299
290,AK23,IF,40X IF AK23 - 02.tif,zone 2,0.20887332888534,8.24,0.31624415875931,0.87380402335497,0.176617244062762,0.855479934870591,5.76078107821924,0.13717832441833,0.304043655150461,0.934477573772541
291,AK23,IF,40X IF AK23 - 02.tif,zone 3,0.221521035107908,8.44,0.304879848995001,0.884996183228373,0.181311873185237,0.86127983879196,5.86825190548122,0.142860394615069,0.303261482701913,0.936019993298682
292,AK23,IF,40X IF AK23 - 02.tif,zone 4,0.158391579364179,8.56,0.320804132231405,0.876394237332669,0.163260766290264,0.853260361357685,5.97647419337148,0.139701961717049,0.317504525780008,0.940597026868887
293,AK23,IF,40X IF AK23 - 03.tif,zone 1,0.174443764360506,8.64,0.303532986429956,0.881589215045065,0.192261595327946,0.860040708431113,5.7892881202422,0.138885510672359,0.318184128602679,0.923134738425755
294,AK23,IF,40X IF AK23 - 03.tif,zone 2,0.203670800156809,11.28,0.329744342414039,0.865198927424291,0.166550749243998,0.84764395724926,5.83793881779605,0.135141044544409,0.320332015973713,0.93330712921224
295,AK23,IF,40X IF AK23 - 03.tif,zone 3,0.154098888330868,9.28,0.329136230996837,0.867926084779196,0.179217892677818,0.851043382477979,5.80462511491242,0.137340443640367,0.305976397080927,0.941920337449487
296,AK23,IF,40X IF AK23 - 03.tif,zone 4,0.18136273553785,9.32,0.327230996837057,0.868824802936262,0.17695239241545,0.853125050164949,5.91714771950889,0.137011761182501,0.304510117776768,0.933533230626391
297,AK23,IF,40X IF AK23 - 04.tif,zone 1,0.167881394522366,8.08,0.315111998775635,0.874497133143678,0.178104926184219,0.855805696697616,5.70950197070137,0.138220172354528,0.319560447584289,0.925458052813641
298,AK23,IF,40X IF AK23 - 04.tif,zone 2,0.180093256717178,9.36,0.320974502601775,0.860158313075082,0.192256866444391,0.852803125531408,5.59610692996684,0.132366007417588,0.29416150939477,0.935957272464834
299,AK23,IF,40X IF AK23 - 04.tif,zone 3,0.179654412231454,10.84,0.335564962758902,0.864550901383633,0.164413391679484,0.846092425942931,5.83214034963147,0.138474478363579,0.330716021558378,0.936403581764419
300,AK23,IF,40X IF AK23 - 04.tif,zone 4,0.196798588493467,11.32,0.333340761146822,0.851241127714129,0.174827472248438,0.846227760432609,5.47378141949757,0.131477119871777,0.312493959097611,0.935679840774332
301,AK23,IF,40X IF AK23 - 05.tif,zone 1,0.179724424592406,9.56,0.348333282318131,0.869937016053057,0.154437522776812,0.8409157177839,5.66396065547527,0.142865650547921,0.338845577342906,0.930927066643411
302,AK23,IF,40X IF AK23 - 05.tif,zone 2,0.186306884126163,8.52,0.313706774818896,0.874900626488295,0.172278601097146,0.855093725980342,5.65620016864698,0.139642900100487,0.319456483239991,0.924356792005761
303,AK23,IF,40X IF AK23 - 05.tif,zone 3,0.198972616656108,10.12,0.334005101520253,0.878846672459008,0.168599374025304,0.8509150630888,5.9165355009198,0.145361601270222,0.308818602566013,0.937221912034869
304,AK23,IF,40X IF AK23 - 05.tif,zone 4,0.163987164127691,9.76,0.341617794102643,0.859789494629692,0.176822120785558,0.847193578546407,5.86247049440022,0.137287700971729,0.298943311307136,0.938001427861588
305,AK23+CS,Dsg3,40X Dsg3 CS+AK23 - 01.tif,zone 1,NA,NA,0.663738414447505,0.772468486315126,0.112603373283088,0.745378965921845,4.50300251248349,0.148860962037251,0.311147089699528,0.971604775890285
306,AK23+CS,Dsg3,40X Dsg3 CS+AK23 - 01.tif,zone 2,NA,NA,0.646327925721865,0.762867091597745,0.120203289001133,0.749694513314968,4.51265962534891,0.143328296952857,0.31332702193396,0.963794016216022
307,AK23+CS,Dsg3,40X Dsg3 CS+AK23 - 01.tif,zone 3,NA,NA,0.681412529333742,0.740764399918572,0.118354490799353,0.744077684930109,4.53960325373078,0.144394848274814,0.332892253436832,0.95502945906368
308,AK23+CS,Dsg3,40X Dsg3 CS+AK23 - 01.tif,zone 4,NA,NA,0.618539904091419,0.757869843633319,0.123312605877912,0.754753747066626,4.53612398530116,0.13863886223596,0.309583747786367,0.962237974876586
309,AK23+CS,Dsg3,40X Dsg3 CS+AK23 - 02.tif,zone 1,NA,NA,0.616539036832976,0.778923794978646,0.126156192862507,0.757520596197667,4.55300059737827,0.149965511161794,0.305861714229302,0.96396578145605
310,AK23+CS,Dsg3,40X Dsg3 CS+AK23 - 02.tif,zone 2,NA,NA,0.737048362411999,0.730717997740233,0.10585237216803,0.732437971975649,4.40370975836539,0.143250017532009,0.334300827242911,0.962092821587661
311,AK23+CS,Dsg3,40X Dsg3 CS+AK23 - 02.tif,zone 3,NA,NA,0.604945179063361,0.768253468072567,0.128883474001453,0.759867338196783,4.58779805789868,0.151163832535612,0.316145299511283,0.961603713217755
312,AK23+CS,Dsg3,40X Dsg3 CS+AK23 - 02.tif,zone 4,NA,NA,0.714154463830221,0.724157088442571,0.116672163601549,0.735772799714315,4.3085179795979,0.140408183386385,0.320769351658745,0.966065519165407
313,AK23+CS,Dsg3,40X Dsg3 CS+AK23 - 03.tif,zone 1,NA,NA,0.566726334047546,0.794595616130435,0.126702278835345,0.768500738700133,4.747544306681,0.145204414637367,0.314946658475502,0.962423376130001
314,AK23+CS,Dsg3,40X Dsg3 CS+AK23 - 03.tif,zone 2,NA,NA,0.771694490358127,0.718742911509393,0.102247395309694,0.725337805155936,4.47221624752425,0.148716936793616,0.362481097650134,0.960991828946062
315,AK23+CS,Dsg3,40X Dsg3 CS+AK23 - 03.tif,zone 3,NA,NA,0.681005764717886,0.746391143674636,0.118391912817908,0.746242395358102,4.43099433605787,0.143037014346401,0.298958510124309,0.976593189218029
316,AK23+CS,Dsg3,40X Dsg3 CS+AK23 - 03.tif,zone 4,NA,NA,0.651438455259667,0.758109370245762,0.120835545890108,0.748853603373805,4.52645725269608,0.145488722071532,0.318048209118589,0.966616332798068
317,AK23+CS,Dsg3,40X Dsg3 CS+AK23 - 04.tif,zone 1,NA,NA,0.728018702173247,0.71612388038205,0.112098316158824,0.732899988266503,4.24502004581173,0.137085802488015,0.294550421707445,0.977839588718654
318,AK23+CS,Dsg3,40X Dsg3 CS+AK23 - 04.tif,zone 2,NA,NA,0.725552892561984,0.725272820613704,0.10977186140821,0.734567042308608,4.38096319778582,0.141740814165638,0.315980186802018,0.964875031270978
319,AK23+CS,Dsg3,40X Dsg3 CS+AK23 - 04.tif,zone 3,NA,NA,0.689109325579023,0.733189325602237,0.11849644711348,0.738966845559977,4.27263893025066,0.142414994621205,0.293559364107184,0.980452002573508
320,AK23+CS,Dsg3,40X Dsg3 CS+AK23 - 04.tif,zone 4,NA,NA,0.65847418630752,0.769388236232406,0.118132606574214,0.747234403632282,4.4452275513395,0.144487879220444,0.287327982359654,0.977058735914118
321,AK23+CS,Dsg3,40X Dsg3 CS+AK23 - 05.tif,zone 1,NA,NA,0.853174349556168,0.621991416382685,0.114951562487976,0.713472433789555,4.00812672161083,0.131113084579724,0.327163137498657,0.962184554617122
322,AK23+CS,Dsg3,40X Dsg3 CS+AK23 - 05.tif,zone 2,NA,NA,0.875036975818794,0.661324617666553,0.108315768576194,0.715134686086454,4.11409604513284,0.137860422121942,0.313678607459543,0.976555234619656
323,AK23+CS,Dsg3,40X Dsg3 CS+AK23 - 05.tif,zone 3,NA,NA,0.811106887052342,0.678819003021774,0.107134894868322,0.717533321939938,4.10263411331258,0.138942368065427,0.310336510737599,0.975720921236678
324,AK23+CS,Dsg3,40X Dsg3 CS+AK23 - 05.tif,zone 4,NA,NA,0.765013008876645,0.706437680566174,0.109925434117314,0.727855127367956,4.27119747155033,0.140737876210374,0.321930708278499,0.968510900121942
325,AK23+CS,E-cad,40X E-cad CS+AK23 - 01.tif,zone 1,NA,NA,0.312171339659218,0.898713872385279,0.208038437229767,0.862649392433231,5.92800938001413,0.154576131788603,0.253516700682404,0.961233105851187
326,AK23+CS,E-cad,40X E-cad CS+AK23 - 01.tif,zone 2,NA,NA,0.335895786144271,0.901125087873658,0.193421808856348,0.852119082406557,6.12724931102956,0.167797015058289,0.284563545608867,0.942687488008588
327,AK23+CS,E-cad,40X E-cad CS+AK23 - 01.tif,zone 3,NA,NA,0.348803948576676,0.926560224328446,0.154107263108619,0.849544826038159,6.44206865765992,0.205040610431979,0.357184496517729,0.93463947801186
328,AK23+CS,E-cad,40X E-cad CS+AK23 - 01.tif,zone 4,NA,NA,0.349264840322416,0.917774357566893,0.16018821694782,0.848398616467707,6.35455752533374,0.188368654943302,0.322729323808172,0.937077512490692
329,AK23+CS,E-cad,40X E-cad CS+AK23 - 02.tif,zone 1,NA,NA,0.320634894398531,0.917456819021345,0.185108405002931,0.863403824269632,6.13888258248111,0.176762880478954,0.264305623356413,0.956140691398213
330,AK23+CS,E-cad,40X E-cad CS+AK23 - 02.tif,zone 2,NA,NA,0.307183828180798,0.90762979167796,0.183631029213238,0.865073347107438,6.10529535632613,0.161682075753842,0.256653039486643,0.958584767865993
331,AK23+CS,E-cad,40X E-cad CS+AK23 - 02.tif,zone 3,NA,NA,0.318308570554025,0.920796402969101,0.18104317982203,0.863428471244431,6.25054277545437,0.184653412560718,0.299604454906591,0.9487942924948
332,AK23+CS,E-cad,40X E-cad CS+AK23 - 02.tif,zone 4,NA,NA,0.297351158045097,0.912402345220425,0.21505050001674,0.869420542291603,6.04616005004874,0.16166845922608,0.257852616706346,0.95895865877783
333,AK23+CS,E-cad,40X E-cad CS+AK23 - 03.tif,zone 1,NA,NA,0.336942087542088,0.915661540162472,0.1958567607986,0.857712167635956,6.19727323926207,0.18184753135305,0.283737700635619,0.950550008359974
334,AK23+CS,E-cad,40X E-cad CS+AK23 - 03.tif,zone 2,NA,NA,0.309911509029691,0.879980537436841,0.203720338972806,0.862578227561813,5.89804436415511,0.147365252243582,0.262300575874279,0.958634002465534
335,AK23+CS,E-cad,40X E-cad CS+AK23 - 03.tif,zone 3,NA,NA,0.328676502397714,0.891533965016898,0.190224072327075,0.856846366527225,5.83094205652571,0.16254926904806,0.261552507203288,0.960712171510911
336,AK23+CS,E-cad,40X E-cad CS+AK23 - 03.tif,zone 4,NA,NA,0.3163318640955,0.9036375619645,0.211909007937249,0.863523289290208,5.97829567209925,0.163055834615562,0.261753999088118,0.952932238146374
337,AK23+CS,E-cad,40X E-cad CS+AK23 - 04.tif,zone 1,NA,NA,0.296938271604938,0.883197562703123,0.210757781639734,0.868568273475496,5.75262571510586,0.137912191436398,0.223192605926638,0.964986242699567
338,AK23+CS,E-cad,40X E-cad CS+AK23 - 04.tif,zone 2,NA,NA,0.334944332210999,0.899875435588611,0.184573277336614,0.855766284902901,5.97883317298705,0.160637829139854,0.260118531529885,0.955374415645717
339,AK23+CS,E-cad,40X E-cad CS+AK23 - 04.tif,zone 3,NA,NA,0.28267096214672,0.910715835000341,0.238963431024037,0.87706351120634,5.84481722130231,0.156484271886067,0.234305900141508,0.961496180630431
340,AK23+CS,E-cad,40X E-cad CS+AK23 - 04.tif,zone 4,NA,NA,0.32502983369044,0.920882074999308,0.189290423559645,0.862335679012346,6.0334671148172,0.176425207706049,0.254978417948201,0.962611061937598
341,AK23+CS,E-cad,40X E-cad CS+AK23 - 05.tif,zone 1,NA,NA,0.314412151821243,0.861199336220502,0.220036206309024,0.857301345951094,5.65613960412266,0.130975575052535,0.24686116714854,0.946841521884509
342,AK23+CS,E-cad,40X E-cad CS+AK23 - 05.tif,zone 2,NA,NA,0.345156402407918,0.874862334361513,0.196985005549529,0.847722708737204,5.83206948081907,0.152530201378553,0.280447460954459,0.942733803545739
343,AK23+CS,E-cad,40X E-cad CS+AK23 - 05.tif,zone 3,NA,NA,0.355291755943271,0.873011238123075,0.184129283818324,0.8426945214774,5.84940854642814,0.146564774234843,0.26514392249181,0.947057350498962
344,AK23+CS,E-cad,40X E-cad CS+AK23 - 05.tif,zone 4,NA,NA,0.339525905519845,0.900899337764627,0.193036040560495,0.852978858449818,6.11017639842457,0.164647260472321,0.278916203139425,0.946236303628815
345,AK23+CS,F-actin,40X F-actin CS+AK23 - 01.tif,zone 1,0.22455982724351,8.68,0.355251392715029,0.869436407043195,0.14764978543974,0.839206106519743,4.69594331292852,0.142330639731889,0.322335100558574,0.954960690727899
346,AK23+CS,F-actin,40X F-actin CS+AK23 - 01.tif,zone 2,0.219794775506442,9.64,0.383315539230691,0.85233573898321,0.134783133711772,0.826075760976771,4.64535701758822,0.142747655666483,0.368489057451296,0.943813572473268
347,AK23+CS,F-actin,40X F-actin CS+AK23 - 01.tif,zone 3,0.228589509843823,9.44,0.327484736251403,0.843954398165543,0.184305184952132,0.849431146481652,4.66835268878087,0.128533448290811,0.314978604359772,0.941232932562299
348,AK23+CS,F-actin,40X F-actin CS+AK23 - 01.tif,zone 4,0.220922882796039,9.68,0.355685134169983,0.871644735740256,0.145200359592593,0.8366934382546,4.5833549424049,0.146752669552797,0.334505518794249,0.943498450396915
349,AK23+CS,F-actin,40X F-actin CS+AK23 - 02.tif,zone 1,0.223421488085292,10.96,0.386420640750944,0.838421768858472,0.145921514851098,0.825313424310445,4.50661175156931,0.136065613949304,0.347803736887563,0.940785561755654
350,AK23+CS,F-actin,40X F-actin CS+AK23 - 02.tif,zone 2,0.217661727652833,7.88,0.31931835526987,0.861430587025672,0.181183094266106,0.853286391014522,4.51316846371617,0.131976585784948,0.271116251709729,0.967627553042111
351,AK23+CS,F-actin,40X F-actin CS+AK23 - 02.tif,zone 3,0.21601278261,9.4,0.375349688807265,0.850714638876602,0.145951255842729,0.829539988776655,4.531958633898,0.138683368533465,0.348986859231504,0.9442060042628
352,AK23+CS,F-actin,40X F-actin CS+AK23 - 02.tif,zone 4,0.197401919764046,9.84,0.353355024997449,0.851561195468823,0.156246410194818,0.838112414549536,4.62224937432475,0.133789938585254,0.336085902916374,0.954055430471096
353,AK23+CS,F-actin,40X F-actin CS+AK23 - 03.tif,zone 1,0.206183273519065,9.8,0.37271411080502,0.854262987761576,0.154137497732356,0.832343076046662,4.47310022093261,0.137950297425462,0.324540949376611,0.957013700587481
354,AK23+CS,F-actin,40X F-actin CS+AK23 - 03.tif,zone 2,0.218102434825214,9.92,0.358145872870115,0.855793306939523,0.160019389413823,0.837798987178179,4.60725371182439,0.137448580966374,0.316839789263077,0.956381742035417
355,AK23+CS,F-actin,40X F-actin CS+AK23 - 03.tif,zone 3,0.209651424024328,9,0.37349495969799,0.850733415429137,0.149170960495136,0.83148788150869,4.50861808463077,0.135766624977574,0.335608135972066,0.94051308693975
356,AK23+CS,F-actin,40X F-actin CS+AK23 - 03.tif,zone 4,0.2298245770165,11.36,0.382163758800123,0.852059311610511,0.148894100302238,0.827501970037071,4.40343526546254,0.138673410620372,0.361245427806028,0.925137546276422
357,AK23+CS,F-actin,40X F-actin CS+AK23 - 04.tif,zone 1,0.21923940167257,7.52,0.294908376696255,0.875641314060352,0.208443705690887,0.865746272659252,4.73999079497826,0.134604409818179,0.263544083009338,0.969399564472056
358,AK23+CS,F-actin,40X F-actin CS+AK23 - 04.tif,zone 2,0.214643693191446,9.52,0.303099153147638,0.849261194711646,0.221391213755219,0.862548970173112,4.4759471632606,0.122484983761553,0.249370184452362,0.973290384580754
359,AK23+CS,F-actin,40X F-actin CS+AK23 - 04.tif,zone 3,0.217116648476521,9.64,0.343622191613101,0.835301227043826,0.188485649832493,0.844851351902867,4.58195313789504,0.123011507344684,0.299278085291623,0.948856762013971
360,AK23+CS,F-actin,40X F-actin CS+AK23 - 04.tif,zone 4,0.203995266097505,7.72,0.316373043566983,0.83653609390941,0.200769099529505,0.855747729483386,4.41547282329373,0.119287579256473,0.247202738084605,0.979615503441596
361,AK23+CS,F-actin,40X F-actin CS+AK23 - 05.tif,zone 1,0.191733896282653,10.16,0.357810988674625,0.82781903381037,0.183321930846205,0.838684633030643,4.54912688178675,0.12214006032143,0.287435835994789,0.958746378716611
362,AK23+CS,F-actin,40X F-actin CS+AK23 - 05.tif,zone 2,0.174219213956552,10.4,0.380870492806856,0.838857924265193,0.167131123733035,0.830953384518587,4.46948592138136,0.133407895064524,0.298879180500715,0.963709610659591
363,AK23+CS,F-actin,40X F-actin CS+AK23 - 05.tif,zone 3,0.223852843697815,10.6,0.355054076114682,0.857416926057852,0.16379862282031,0.839405535149474,4.61752796417919,0.137512057575243,0.287638205373803,0.968756638127239
364,AK23+CS,F-actin,40X F-actin CS+AK23 - 05.tif,zone 4,0.20606492334218,9.88,0.369754208754209,0.843769096281136,0.166618874644805,0.834438997721321,4.64891361582831,0.131348934641061,0.316765279148596,0.958165974892593
365,AK23+CS,IF,40X IF CS+AK23 - 01.tif,zone 1,0.148780895213386,7,0.285672880318335,0.889907940597347,0.17860397771762,0.865647545318505,5.92935145739282,0.142156752410579,0.310369538031137,0.944594343468554
366,AK23+CS,IF,40X IF CS+AK23 - 01.tif,zone 2,0.140293651018392,8.2,0.318641546780941,0.877930055816232,0.185220453381651,0.853858134374044,5.65561422478726,0.141848534287651,0.311143466420582,0.936282571658425
367,AK23+CS,IF,40X IF CS+AK23 - 01.tif,zone 3,0.200079769064339,8.04,0.314099112335476,0.892125797245485,0.166866953110231,0.855967635955515,6.1878552959292,0.153540368039123,0.338011849609233,0.937717312249352
368,AK23+CS,IF,40X IF CS+AK23 - 01.tif,zone 4,0.155131877227801,8.92,0.30981028466483,0.879717635872379,0.180789986301364,0.855775562867735,5.83338213692716,0.13800547939714,0.299083664179511,0.9477668814143
369,AK23+CS,IF,40X IF CS+AK23 - 02.tif,zone 1,0.175875279321412,9.2,0.37621432506887,0.875117162634298,0.142877325725614,0.832132085161378,6.30552896291279,0.153884805519952,0.38806056584473,0.922825095158021
370,AK23+CS,IF,40X IF CS+AK23 - 02.tif,zone 2,0.18624506176351,8.16,0.319854269972452,0.879792164389083,0.156292740583047,0.851945783593511,5.98044877950751,0.142338725479219,0.335768841401637,0.932301053111614
371,AK23+CS,IF,40X IF CS+AK23 - 02.tif,zone 3,0.21369910665036,7.2,0.335640618304255,0.907518412272474,0.15382401486701,0.850836549671802,6.38198760745837,0.169321932675017,0.376783562815191,0.920691343324204
372,AK23+CS,IF,40X IF CS+AK23 - 02.tif,zone 4,0.193888676857051,6.28,0.357087174778084,0.904489318644765,0.137359489977556,0.84251995459647,6.49450349179196,0.172219188219645,0.378188406682888,0.933002807186687
373,AK23+CS,IF,40X IF CS+AK23 - 03.tif,zone 1,0.171857350425937,8,0.342356035098459,0.89029517356707,0.151955940206742,0.845293615447403,6.25391291441232,0.162167461710201,0.358972645040646,0.92518474206949
374,AK23+CS,IF,40X IF CS+AK23 - 03.tif,zone 2,0.178903073427266,8.88,0.34263305785124,0.891582412357675,0.144510038365181,0.84587849624188,6.28786343822496,0.163483078331259,0.356824486908437,0.944064916216929
375,AK23+CS,IF,40X IF CS+AK23 - 03.tif,zone 3,0.17456532993843,8.4,0.324773839404142,0.885868593325456,0.177463953170418,0.855369378804884,6.15449020199278,0.148925547061475,0.322111504328775,0.937641907245893
376,AK23+CS,IF,40X IF CS+AK23 - 03.tif,zone 4,0.22207724379343,8.08,0.356860738700133,0.910930230762661,0.143273304444821,0.848948956058906,6.40458259603485,0.179489718610235,0.357103850555261,0.938462519401046
377,AK23+CS,IF,40X IF CS+AK23 - 04.tif,zone 1,0.206403970744811,8.68,0.318814569941843,0.873928943859507,0.154070807107563,0.851933613576846,5.9086655603456,0.138681127171577,0.369430233841662,0.92808154970531
378,AK23+CS,IF,40X IF CS+AK23 - 04.tif,zone 2,0.153037458594182,7.12,0.35206572798694,0.899835194093425,0.150238045698108,0.844078206305479,6.27223031953999,0.171078482431167,0.364405686629273,0.935363820854399
379,AK23+CS,IF,40X IF CS+AK23 - 04.tif,zone 3,0.192096572290457,6.8,0.359468523620039,0.903209067684443,0.140863235024836,0.841020401829745,6.22842785605498,0.173677343259932,0.365389057610982,0.942213921741815
380,AK23+CS,IF,40X IF CS+AK23 - 04.tif,zone 4,0.161464545396028,7.56,0.391196959493929,0.8818354823068,0.134963713368323,0.830661747270687,6.33345544489237,0.162552727332495,0.350228614186703,0.93542307816782
381,AK23+CS,IF,40X IF CS+AK23 - 05.tif,zone 1,0.147286962704723,6.88,0.351002244668911,0.883026932788446,0.153325111480621,0.844174255007992,6.17105970101848,0.15588258902828,0.315144970559988,0.959562333305736
382,AK23+CS,IF,40X IF CS+AK23 - 05.tif,zone 2,0.144261151930604,5.96,0.342357392102847,0.904018382141333,0.142268772627767,0.847302116280652,6.37073256441666,0.165376680742316,0.333738811610417,0.960421533839831
383,AK23+CS,IF,40X IF CS+AK23 - 05.tif,zone 3,0.185152450712589,8.08,0.353792286501377,0.889623170793712,0.14886469142479,0.844344273883617,6.3298153422757,0.159163124056925,0.330487562324665,0.953123797962261
384,AK23+CS,IF,40X IF CS+AK23 - 05.tif,zone 4,0.215190206904724,7.56,0.322553178247118,0.880720104430002,0.171233494136094,0.853355741761045,6.0570464290048,0.145460943634747,0.323752841993954,0.934316327190688
385,AK23+SS,Dsg3,40X Dsg3 SS - 01.tif,zone 1,NA,NA,0.790158024691358,0.651506643455406,0.121195321402183,0.721878570141045,3.93573686918717,0.131493646197856,0.288353433449125,0.982289796249474
386,AK23+SS,Dsg3,40X Dsg3 SS - 01.tif,zone 2,NA,NA,0.938711835526987,0.612648101030215,0.112334113156284,0.702298408933005,3.78871678745238,0.13384517760908,0.300822685995971,0.984372101972102
387,AK23+SS,Dsg3,40X Dsg3 SS - 01.tif,zone 3,NA,NA,0.944812947658403,0.614372341840635,0.112938714859132,0.702813507829619,3.73670306125452,0.13444234936575,0.286296780622568,0.988933721110787
388,AK23+SS,Dsg3,40X Dsg3 SS - 01.tif,zone 4,NA,NA,0.8225697479849,0.625995490327274,0.124950368971198,0.71896062369729,3.8849689807314,0.129593031302718,0.285889681863789,0.981470106901023
389,AK23+SS,Dsg3,40X Dsg3 SS - 02.tif,zone 1,NA,NA,0.808687674727069,0.667777075449214,0.112590207029873,0.721079569771792,4.0792592330515,0.135183685399423,0.307271929825906,0.974176478704442
390,AK23+SS,Dsg3,40X Dsg3 SS - 02.tif,zone 2,NA,NA,0.68447137026834,0.692857568866159,0.138704022400697,0.742359382035847,4.16312467665806,0.129250421707184,0.283785579042791,0.967700771284206
391,AK23+SS,Dsg3,40X Dsg3 SS - 02.tif,zone 3,NA,NA,0.789907611468217,0.666054895145217,0.128851115983596,0.723849460599258,3.92808346864352,0.133625664446267,0.284847968806757,0.979286599029971
392,AK23+SS,Dsg3,40X Dsg3 SS - 02.tif,zone 4,NA,NA,0.752116426895215,0.695375535055583,0.120249069138727,0.731251587350173,4.07194693108897,0.137089017957526,0.277303385871226,0.978697801130235
393,AK23+SS,Dsg3,40X Dsg3 SS - 03.tif,zone 1,NA,NA,0.75845019895929,0.662668073901152,0.122668579399231,0.729105605258939,4.03938118966118,0.129343333382044,0.286044293603654,0.97906583763642
394,AK23+SS,Dsg3,40X Dsg3 SS - 03.tif,zone 2,NA,NA,0.822881930415264,0.634296413411453,0.120495460401517,0.717105177192803,3.98963737586221,0.128042602342556,0.306328915945642,0.969375822287742
395,AK23+SS,Dsg3,40X Dsg3 SS - 03.tif,zone 3,NA,NA,0.784069952045709,0.671271246017585,0.130501155151836,0.72782851137639,4.03893941612299,0.132528572289434,0.293981367667275,0.966122157541479
396,AK23+SS,Dsg3,40X Dsg3 SS - 03.tif,zone 4,NA,NA,0.854612325272931,0.6666377136673,0.122128813256308,0.716926492801998,3.91617682876131,0.136028198046551,0.279375620198055,0.981867510277708
397,AK23+SS,Dsg3,40X Dsg3 SS - 04.tif,zone 1,NA,NA,0.913283124171003,0.599558048221711,0.117635744089641,0.705533387798135,3.79631997883474,0.131582838187623,0.287957162561564,0.987434514810361
398,AK23+SS,Dsg3,40X Dsg3 SS - 04.tif,zone 2,NA,NA,0.824242067136006,0.592440930093283,0.13024768522363,0.718505855452068,3.86280543586995,0.122076706532327,0.302026757136826,0.970801139214353
399,AK23+SS,Dsg3,40X Dsg3 SS - 04.tif,zone 3,NA,NA,0.938971462095704,0.58661960747516,0.115439764493078,0.700934231808222,3.76425915038036,0.128487490095447,0.305809075735609,0.977055410570712
400,AK23+SS,Dsg3,40X Dsg3 SS - 04.tif,zone 4,NA,NA,0.807747056422814,0.649017652504094,0.117891427166968,0.724091711997318,4.08296368364621,0.130611764927388,0.304064171295666,0.964429393384593
401,AK23+SS,Dsg3,40X Dsg3 SS - 05.tif,zone 1,NA,NA,0.740209601061116,0.624694893128159,0.13472813047905,0.72940018637554,3.83215898196903,0.120164410875876,0.256266284580389,0.985326171606801
402,AK23+SS,Dsg3,40X Dsg3 SS - 05.tif,zone 2,NA,NA,0.87502722171207,0.565814323951133,0.122542030276661,0.710762324301213,3.71184617051099,0.123735070718289,0.277843758481502,0.985939891156948
403,AK23+SS,Dsg3,40X Dsg3 SS - 05.tif,zone 3,NA,NA,0.838850505050505,0.650389718922971,0.119075952164797,0.72007938650575,4.02596575137071,0.131471227545303,0.293981800022485,0.980168895546456
404,AK23+SS,Dsg3,40X Dsg3 SS - 05.tif,zone 4,NA,NA,0.857424946434037,0.616528204966496,0.112755967829384,0.713835796517362,3.92934727992858,0.128272633990209,0.302240306807886,0.980073450085048
405,AK23+SS,E-cad,40X E-cad SS+AK23 - 01.tif,zone 1,NA,NA,0.349456698296092,0.815235063730302,0.227804416676949,0.840730184164881,4.99226804796158,0.11752810235554,0.215831654460712,0.962543347526296
406,AK23+SS,E-cad,40X E-cad SS+AK23 - 01.tif,zone 2,NA,NA,0.410882297724722,0.796709534372276,0.2088121740372,0.819739367411489,4.8017518729754,0.122463237830152,0.251476245250123,0.958476787270685
407,AK23+SS,E-cad,40X E-cad SS+AK23 - 01.tif,zone 3,NA,NA,0.384767789001122,0.80017627979037,0.218768594787657,0.827562946808149,4.77723083417075,0.11860229911609,0.232257136333594,0.959713187867812
408,AK23+SS,E-cad,40X E-cad SS+AK23 - 01.tif,zone 4,NA,NA,0.375520650953984,0.777636680727955,0.217263022100357,0.83252921419583,4.99201107395631,0.108884931016385,0.232473843733025,0.959172291849973
409,AK23+SS,E-cad,40X E-cad SS+AK23 - 02.tif,zone 1,NA,NA,0.352388062442608,0.799236830498934,0.222166360538448,0.838818514777404,5.06596591037056,0.114749431509807,0.249913068697872,0.946893093702469
410,AK23+SS,E-cad,40X E-cad SS+AK23 - 02.tif,zone 2,NA,NA,0.329593439444955,0.82190228547682,0.245515538410924,0.850187399925178,5.1221586606085,0.116741236145779,0.219051808728129,0.951367755440312
411,AK23+SS,E-cad,40X E-cad SS+AK23 - 02.tif,zone 3,NA,NA,0.32582258953168,0.821656604121522,0.277592242165835,0.852604573512907,5.07783023905104,0.115728825497207,0.207389152056048,0.962990700302225
412,AK23+SS,E-cad,40X E-cad SS+AK23 - 02.tif,zone 4,NA,NA,0.343382154882155,0.817687449074552,0.223679780532557,0.844949995578682,5.19034132096927,0.119119535935998,0.212767127669301,0.974474616679916
413,AK23+SS,E-cad,40X E-cad SS+AK23 - 03.tif,zone 1,NA,NA,0.373071360065299,0.812870867961934,0.209714885532785,0.834640136550692,5.39320579617266,0.126697099817325,0.264762199885403,0.947133857425591
414,AK23+SS,E-cad,40X E-cad SS+AK23 - 03.tif,zone 2,NA,NA,0.361572461993674,0.793280538427165,0.241188048037411,0.838709815665068,5.01614050947468,0.116593740237968,0.260285613569048,0.953383248530453
415,AK23+SS,E-cad,40X E-cad SS+AK23 - 03.tif,zone 3,NA,NA,0.340962738496072,0.834190841996267,0.222736559532779,0.845210801448832,5.43816957419396,0.131585466181697,0.257050595918458,0.943566614289911
416,AK23+SS,E-cad,40X E-cad SS+AK23 - 03.tif,zone 4,NA,NA,0.349971757983879,0.826526929323905,0.221658745343477,0.842499036662925,5.43986458228915,0.127023995756712,0.26618818272856,0.945502529283833
417,AK23+SS,E-cad,40X E-cad SS+AK23 - 04.tif,zone 1,NA,NA,0.325971186613611,0.817702471439396,0.235963898042086,0.850149500221066,5.12602902655951,0.113787827595848,0.225642494319301,0.953944828027773
418,AK23+SS,E-cad,40X E-cad SS+AK23 - 04.tif,zone 2,NA,NA,0.339471849811244,0.80272161583944,0.250780943189265,0.846666437438357,5.05445561591678,0.112565836705295,0.237313623095984,0.9498693312707
419,AK23+SS,E-cad,40X E-cad SS+AK23 - 04.tif,zone 3,NA,NA,0.33574293439445,0.825449145901836,0.228561424551259,0.847531890113254,5.23597433475128,0.119613849595874,0.229198878824614,0.952832130624466
420,AK23+SS,E-cad,40X E-cad SS+AK23 - 04.tif,zone 4,NA,NA,0.361145485154576,0.830113684473581,0.229067148086572,0.83956435006632,5.00445904607377,0.124895216335802,0.222154671818154,0.959379273088929
421,AK23+SS,E-cad,40X E-cad SS+AK23 - 05.tif,zone 1,NA,NA,0.36704112845628,0.784421568344428,0.243401409532546,0.83738561456314,4.80704304076918,0.113611357731237,0.221341926416836,0.967417714850922
422,AK23+SS,E-cad,40X E-cad SS+AK23 - 05.tif,zone 2,NA,NA,0.354153066013672,0.779033269655837,0.238151173749181,0.839211039349726,4.90873349563393,0.108540011738516,0.223857956371286,0.959510777934919
423,AK23+SS,E-cad,40X E-cad SS+AK23 - 05.tif,zone 3,NA,NA,0.366025548413427,0.775631059693593,0.242263249425469,0.836470041832466,4.81250191248563,0.107349732380238,0.23976380196265,0.947287037677027
424,AK23+SS,E-cad,40X E-cad SS+AK23 - 05.tif,zone 4,NA,NA,0.364812274257729,0.802934344905121,0.198597463550713,0.834199987246199,5.19858019882277,0.118456634583904,0.239113813787774,0.952168323805933
425,AK23+SS,F-actin,40X F-actin SS+AK23 - 01.tif,zone 1,0.156548958563975,7.44,0.278667084991327,0.880263817325335,0.247306940918035,0.875041036288814,4.89040572667933,0.130576982210875,0.20448008290989,0.984657387005712
426,AK23+SS,F-actin,40X F-actin SS+AK23 - 01.tif,zone 2,0.178249527140889,7.72,0.265325976941129,0.876492632268685,0.24468806851223,0.879840168520219,4.85284326157819,0.126672325285097,0.198235831306771,0.98660006371363
427,AK23+SS,F-actin,40X F-actin SS+AK23 - 01.tif,zone 3,0.185846965579853,6.24,0.245308968472605,0.886707451886206,0.277738285483842,0.891663057341088,5.03914187541769,0.128261552862328,0.17865037280642,0.989503687146978
428,AK23+SS,F-actin,40X F-actin SS+AK23 - 01.tif,zone 4,0.153236099289707,8,0.275713345576982,0.874240139952894,0.246944494927956,0.876713276706458,4.97469240555742,0.127232299589098,0.199873593687931,0.986412892211633
429,AK23+SS,F-actin,40X F-actin SS+AK23 - 02.tif,zone 1,0.198716657876733,8,0.295056779920416,0.873839037526307,0.226985407212674,0.867034246505459,4.9514938128666,0.1336039204262,0.20202204593331,0.988968671410106
430,AK23+SS,F-actin,40X F-actin SS+AK23 - 02.tif,zone 2,0.161432387054593,6.72,0.298141373329252,0.870774464278449,0.27183886221445,0.871401875318845,4.89346445764065,0.132040292151686,0.199313242474961,0.989362456355184
431,AK23+SS,F-actin,40X F-actin SS+AK23 - 02.tif,zone 3,0.175279393905098,6.72,0.289435343332313,0.887344024103006,0.223043989308346,0.869147213549638,4.94089217611471,0.13813852101047,0.227557709803033,0.981192616260913
432,AK23+SS,F-actin,40X F-actin SS+AK23 - 02.tif,zone 4,0.19858840631656,6.36,0.274244923987348,0.881818420761042,0.248003494989158,0.877502295684114,4.93663684316132,0.131543432514999,0.210192424540557,0.983625411524944
433,AK23+SS,F-actin,40X F-actin SS+AK23 - 03.tif,zone 1,0.16004808761096,6.2,0.291671951841649,0.877996900151219,0.215289842337629,0.869361422303846,4.91323130699385,0.134209819650807,0.214671545640201,0.989470006720493
434,AK23+SS,F-actin,40X F-actin SS+AK23 - 03.tif,zone 2,0.159243324465908,9.2,0.340945821854913,0.84502153395483,0.183146704015229,0.846859429820086,4.71186028044654,0.129029857048681,0.257555820536269,0.980167936442061
435,AK23+SS,F-actin,40X F-actin SS+AK23 - 03.tif,zone 3,0.178977528888804,5.88,0.284115896337109,0.883489792668987,0.213849709841804,0.87281192956501,4.95413645649351,0.13634926430063,0.222308920751525,0.985320663955891
436,AK23+SS,F-actin,40X F-actin SS+AK23 - 03.tif,zone 4,0.166569392956358,8.84,0.288890939700031,0.857243402264053,0.243171470394708,0.86890039553787,4.57508071848488,0.123120144388542,0.204573155690818,0.981820403525277
437,AK23+SS,F-actin,40X F-actin SS+AK23 - 04.tif,zone 1,0.140993639275217,8.625,0.3344146536918,0.834811001031616,0.235668814531144,0.854579969164144,4.5045616009515,0.119686381146649,0.202257463976062,0.988523108965814
438,AK23+SS,F-actin,40X F-actin SS+AK23 - 04.tif,zone 2,0.136081243402519,6.08,0.260348495051525,0.863963072645601,0.292927988114265,0.883155139951706,4.90266216589666,0.116638219931798,0.173199422913574,0.987993216628106
439,AK23+SS,F-actin,40X F-actin SS+AK23 - 04.tif,zone 3,0.161630208281514,7.48,0.329316967656362,0.862466841730862,0.213400570292625,0.854961474679455,4.71090778560256,0.133644977296561,0.205830767004019,0.99531892007289
440,AK23+SS,F-actin,40X F-actin SS+AK23 - 04.tif,zone 4,0.208518874882591,8.24,0.279932761963065,0.865477849024694,0.266317363090182,0.875734409414005,4.86556559499126,0.123301826483063,0.184677792196412,0.993343623417792
441,AK23+SS,F-actin,40X F-actin SS+AK23 - 05.tif,zone 1,0.214234835268598,9.4,0.304255892255892,0.869611797516703,0.2239190099061,0.864743798251879,4.73223885228214,0.132922201880569,0.222031705945564,0.983947538364258
442,AK23+SS,F-actin,40X F-actin SS+AK23 - 05.tif,zone 2,0.189413489674752,7.96,0.297114590347924,0.866952378956511,0.208928245231932,0.862852655341292,4.86634853930791,0.127831301385925,0.25989403388146,0.964566962107534
443,AK23+SS,F-actin,40X F-actin SS+AK23 - 05.tif,zone 3,0.232658456052864,7.04,0.25350061218243,0.894320918354041,0.281775168111785,0.886477601775329,5.01515809871708,0.13425845732239,0.183522283560038,0.991457111891143
444,AK23+SS,F-actin,40X F-actin SS+AK23 - 05.tif,zone 4,0.192000134508665,7.64,0.306571237628813,0.868451407448672,0.207947978185366,0.860632511988573,4.78963183422173,0.129428536399793,0.259582456379959,0.970231436848271
445,AK23+SS,IF,40X IF SS+AK23 - 01.tif,zone 1,0.203627684730994,8.96,0.329820324456688,0.871017953514637,0.161449399959708,0.847459282726252,5.04553508646187,0.139176996734443,0.295660499412368,0.957798460692016
446,AK23+SS,IF,40X IF SS+AK23 - 01.tif,zone 2,0.2099048924376,8.6,0.287819569431691,0.890310008708087,0.191916854326014,0.865143169064381,5.33517158200402,0.14439018435074,0.290725511147492,0.94741438275822
447,AK23+SS,IF,40X IF SS+AK23 - 01.tif,zone 3,0.197695199171089,10.4,0.319316426895215,0.8603609109163,0.186640146496288,0.850888706934667,4.94661691243612,0.132929058321775,0.278268806485879,0.957134309177719
448,AK23+SS,IF,40X IF SS+AK23 - 01.tif,zone 4,0.169011489669302,7.8,0.305493908784818,0.873725899731718,0.188380362072225,0.857186220793797,5.4290066672066,0.137589501365761,0.310917292086717,0.941133812340251
449,AK23+SS,IF,40X IF SS+AK23 - 02.tif,zone 1,0.191973343493594,8.08,0.293402754820937,0.884301299506376,0.192914825307462,0.863379388157671,5.42075618464469,0.138458029328248,0.292335768150384,0.942982535427669
450,AK23+SS,IF,40X IF SS+AK23 - 02.tif,zone 2,0.188872544199447,8.12,0.305288868482808,0.86443475821587,0.181451534480936,0.856626868856919,5.34526916614649,0.131143142668922,0.314726590186068,0.936430489589864
451,AK23+SS,IF,40X IF SS+AK23 - 02.tif,zone 3,0.200750524632763,8.56,0.306078502193654,0.88719080359229,0.175851591981404,0.85889323164303,5.63131834418246,0.146760832016617,0.302369451902026,0.946923188972823
452,AK23+SS,IF,40X IF SS+AK23 - 02.tif,zone 4,0.186389237348997,8.84,0.324121875318845,0.870837384512343,0.171838160439918,0.848177450430228,5.45036844037052,0.139479178625393,0.346578361570382,0.918724683733144
453,AK23+SS,IF,40X IF SS+AK23 - 03.tif,zone 1,0.177145547746397,11.12,0.33864092439547,0.853514868987357,0.16542906283106,0.84384722409278,5.24031706040693,0.131437968332568,0.336991547077708,0.920803824230115
454,AK23+SS,IF,40X IF SS+AK23 - 03.tif,zone 2,0.156810932200482,9.32,0.354419946944189,0.848405918178405,0.151540920450362,0.837248590279903,5.54020811312996,0.134016731915991,0.368161862358067,0.915311711861287
455,AK23+SS,IF,40X IF SS+AK23 - 03.tif,zone 3,0.201737819964624,12.36,0.335233363942455,0.841684723975332,0.208284885751519,0.849280387375438,5.0330059087215,0.12752669997366,0.284010325130432,0.947073856469
456,AK23+SS,IF,40X IF SS+AK23 - 03.tif,zone 4,0.207979158697001,11.08,0.327702673196613,0.870515110411192,0.180321560217635,0.851133215148114,5.3142642145334,0.138155439982304,0.286289776671943,0.950605614278558
457,AK23+SS,IF,40X IF SS+AK23 - 04.tif,zone 1,0.189078673618035,9.72,0.325820385674931,0.85645087402344,0.175341483153693,0.850465785464068,5.41120950954945,0.12954922600723,0.305137349845066,0.940489403564306
458,AK23+SS,IF,40X IF SS+AK23 - 04.tif,zone 2,0.231623527599503,8.8,0.316672472196715,0.872492111428942,0.171490581821884,0.855251756283372,5.7259744019234,0.141012682998721,0.320211903232171,0.929530876917208
459,AK23+SS,IF,40X IF SS+AK23 - 04.tif,zone 3,0.192359129877665,11.44,0.323572502805836,0.853447524551886,0.196180148870648,0.852411812740197,5.61526711044112,0.131250012065902,0.298860962635587,0.941642704558639
460,AK23+SS,IF,40X IF SS+AK23 - 04.tif,zone 4,0.169805715900344,10.12,0.309641965105601,0.865202879186882,0.188684888467328,0.858956573818998,5.59705989359159,0.132488100489808,0.289874515057161,0.942118039504166
461,AK23+SS,IF,40X IF SS+AK23 - 05.tif,zone 1,0.202632203028629,10.44,0.353045179063361,0.841800290429372,0.167428686963409,0.838653606774819,5.30777453777402,0.129658145965227,0.33459662758698,0.924522376091657
462,AK23+SS,IF,40X IF SS+AK23 - 05.tif,zone 2,0.189672027862821,11.04,0.352120059177635,0.826449570715344,0.180094254358495,0.839035521545421,4.96271618896703,0.123624081440902,0.334498142870965,0.926197590177842
463,AK23+SS,IF,40X IF SS+AK23 - 05.tif,zone 3,0.211352473752142,10.68,0.295966891133558,0.867727378462088,0.19592630637494,0.862089811413801,5.45924181478182,0.131105356617347,0.308381342688435,0.922894853411601
464,AK23+SS,IF,40X IF SS+AK23 - 05.tif,zone 4,0.185554653509681,8.96,0.307819906132027,0.877163077199181,0.171618370602768,0.85634045352515,5.36748635009346,0.138985527627048,0.319943793499005,0.936310070735298